    Finished `release` profile [optimized] target(s) in 0.04s
     Running `target/release/train_dmc --num-envs 256 --steps 20000000 --batch-size 1024 --train-freq 4 --eval-freq 1000000 --eval-random-matches 100 --eval-naive-matches 0 --eval-smart-matches 0 --save-freq 500000 --pool-frac 0`
Device: CUDA
Envs: 256, Steps: 20000000, LR: 0.0003, Hidden: 1024
Training: batch=1024, freq=4
PER: alpha=0.6, beta=0.4->1
Opponents: 90% self, 0% pool, 10% random

      Step |   Eps |  Beta |  Buffer |     Loss | Episodes | Steps/s
------------------------------------------------------------------------
     10000 | 0.250 | 0.400 | 1403378 |   0.0725 |    68749 |     427
     20000 | 0.249 | 0.401 | 2000000 |   0.0607 |   137624 |     432
     30000 | 0.249 | 0.401 | 2000000 |   0.0580 |   206480 |     452
     40000 | 0.249 | 0.401 | 2000000 |   0.0547 |   275342 |     446
     50000 | 0.249 | 0.401 | 2000000 |   0.0534 |   344217 |     418
     60000 | 0.248 | 0.402 | 2000000 |   0.0528 |   413099 |     446
     70000 | 0.248 | 0.402 | 2000000 |   0.0520 |   481958 |     421
     80000 | 0.248 | 0.402 | 2000000 |   0.0511 |   550824 |     424
     90000 | 0.247 | 0.403 | 2000000 |   0.0502 |   619678 |     414
    100000 | 0.247 | 0.403 | 2000000 |   0.0498 |   688561 |     427
    110000 | 0.247 | 0.403 | 2000000 |   0.0494 |   757432 |     426
    120000 | 0.246 | 0.404 | 2000000 |   0.0488 |   826301 |     427
    130000 | 0.246 | 0.404 | 2000000 |   0.0484 |   895160 |     418
    140000 | 0.246 | 0.404 | 2000000 |   0.0473 |   964025 |     419
    150000 | 0.246 | 0.404 | 2000000 |   0.0467 |  1032886 |     424
    160000 | 0.245 | 0.405 | 2000000 |   0.0467 |  1101753 |     448
    170000 | 0.245 | 0.405 | 2000000 |   0.0460 |  1170626 |     446
    180000 | 0.245 | 0.405 | 2000000 |   0.0459 |  1239485 |     449
    190000 | 0.244 | 0.406 | 2000000 |   0.0459 |  1308329 |     447
    200000 | 0.244 | 0.406 | 2000000 |   0.0453 |  1377204 |     449
    210000 | 0.244 | 0.406 | 2000000 |   0.0454 |  1446085 |     451
    220000 | 0.243 | 0.407 | 2000000 |   0.0452 |  1514963 |     448
    230000 | 0.243 | 0.407 | 2000000 |   0.0452 |  1583828 |     445
    240000 | 0.243 | 0.407 | 2000000 |   0.0451 |  1652689 |     437
    250000 | 0.243 | 0.407 | 2000000 |   0.0444 |  1721559 |     434
    260000 | 0.242 | 0.408 | 2000000 |   0.0443 |  1790434 |     431
    270000 | 0.242 | 0.408 | 2000000 |   0.0439 |  1859301 |     435
    280000 | 0.242 | 0.408 | 2000000 |   0.0440 |  1928172 |     434
    290000 | 0.241 | 0.409 | 2000000 |   0.0435 |  1997020 |     437
    300000 | 0.241 | 0.409 | 2000000 |   0.0437 |  2065904 |     437
    310000 | 0.241 | 0.409 | 2000000 |   0.0435 |  2134780 |     445
    320000 | 0.240 | 0.410 | 2000000 |   0.0430 |  2203645 |     449
    330000 | 0.240 | 0.410 | 2000000 |   0.0426 |  2272516 |     440
    340000 | 0.240 | 0.410 | 2000000 |   0.0428 |  2341379 |     446
    350000 | 0.240 | 0.410 | 2000000 |   0.0428 |  2410241 |     450
    360000 | 0.239 | 0.411 | 2000000 |   0.0428 |  2479116 |     449
    370000 | 0.239 | 0.411 | 2000000 |   0.0426 |  2547969 |     436
    380000 | 0.239 | 0.411 | 2000000 |   0.0422 |  2616847 |     436
    390000 | 0.238 | 0.412 | 2000000 |   0.0423 |  2685706 |     441
    400000 | 0.238 | 0.412 | 2000000 |   0.0420 |  2754579 |     445
    410000 | 0.238 | 0.412 | 2000000 |   0.0419 |  2823444 |     451
    420000 | 0.237 | 0.413 | 2000000 |   0.0417 |  2892313 |     448
    430000 | 0.237 | 0.413 | 2000000 |   0.0418 |  2961165 |     452
    440000 | 0.237 | 0.413 | 2000000 |   0.0417 |  3030030 |     442
    450000 | 0.237 | 0.413 | 2000000 |   0.0412 |  3098915 |     439
    460000 | 0.236 | 0.414 | 2000000 |   0.0413 |  3167779 |     442
    470000 | 0.236 | 0.414 | 2000000 |   0.0410 |  3236644 |     443
    480000 | 0.236 | 0.414 | 2000000 |   0.0411 |  3305493 |     442
    490000 | 0.235 | 0.415 | 2000000 |   0.0411 |  3374360 |     441
    500000 | 0.235 | 0.415 | 2000000 |   0.0409 |  3443224 |     447
  [SAVE] models/dmc_500000.safetensors
    510000 | 0.235 | 0.415 | 2000000 |   0.0406 |  3512093 |     448
    520000 | 0.234 | 0.416 | 2000000 |   0.0403 |  3580962 |     444
    530000 | 0.234 | 0.416 | 2000000 |   0.0405 |  3649826 |     448
    540000 | 0.234 | 0.416 | 2000000 |   0.0407 |  3718690 |     452
    550000 | 0.234 | 0.416 | 2000000 |   0.0404 |  3787564 |     445
    560000 | 0.233 | 0.417 | 2000000 |   0.0401 |  3856443 |     457
    570000 | 0.233 | 0.417 | 2000000 |   0.0404 |  3925303 |     451
    580000 | 0.233 | 0.417 | 2000000 |   0.0409 |  3994153 |     453
    590000 | 0.232 | 0.418 | 2000000 |   0.0403 |  4063023 |     445
    600000 | 0.232 | 0.418 | 2000000 |   0.0399 |  4131903 |     442
    610000 | 0.232 | 0.418 | 2000000 |   0.0397 |  4200753 |     448
    620000 | 0.231 | 0.419 | 2000000 |   0.0401 |  4269633 |     450
    630000 | 0.231 | 0.419 | 2000000 |   0.0398 |  4338493 |     446
    640000 | 0.231 | 0.419 | 2000000 |   0.0399 |  4407386 |     441
    650000 | 0.231 | 0.419 | 2000000 |   0.0393 |  4476231 |     440
    660000 | 0.230 | 0.420 | 2000000 |   0.0392 |  4545125 |     453
    670000 | 0.230 | 0.420 | 2000000 |   0.0398 |  4613992 |     448
    680000 | 0.230 | 0.420 | 2000000 |   0.0394 |  4682857 |     451
    690000 | 0.229 | 0.421 | 2000000 |   0.0394 |  4751743 |     451
    700000 | 0.229 | 0.421 | 2000000 |   0.0395 |  4820607 |     451
    710000 | 0.229 | 0.421 | 2000000 |   0.0397 |  4889486 |     450
    720000 | 0.228 | 0.422 | 2000000 |   0.0393 |  4958362 |     453
    730000 | 0.228 | 0.422 | 2000000 |   0.0387 |  5027241 |     452
    740000 | 0.228 | 0.422 | 2000000 |   0.0385 |  5096098 |     452
    750000 | 0.228 | 0.422 | 2000000 |   0.0387 |  5164967 |     452
    760000 | 0.227 | 0.423 | 2000000 |   0.0385 |  5233851 |     425
    770000 | 0.227 | 0.423 | 2000000 |   0.0385 |  5302713 |     440
    780000 | 0.227 | 0.423 | 2000000 |   0.0388 |  5371569 |     445
    790000 | 0.226 | 0.424 | 2000000 |   0.0386 |  5440456 |     434
    800000 | 0.226 | 0.424 | 2000000 |   0.0384 |  5509308 |     430
    810000 | 0.226 | 0.424 | 2000000 |   0.0384 |  5578178 |     430
    820000 | 0.225 | 0.425 | 2000000 |   0.0388 |  5647048 |     431
    830000 | 0.225 | 0.425 | 2000000 |   0.0388 |  5715931 |     422
    840000 | 0.225 | 0.425 | 2000000 |   0.0384 |  5784804 |     437
    850000 | 0.225 | 0.425 | 2000000 |   0.0383 |  5853692 |     418
    860000 | 0.224 | 0.426 | 2000000 |   0.0385 |  5922568 |     440
    870000 | 0.224 | 0.426 | 2000000 |   0.0385 |  5991430 |     437
    880000 | 0.224 | 0.426 | 2000000 |   0.0383 |  6060288 |     435
    890000 | 0.223 | 0.427 | 2000000 |   0.0386 |  6129149 |     437
    900000 | 0.223 | 0.427 | 2000000 |   0.0383 |  6198034 |     424
    910000 | 0.223 | 0.427 | 2000000 |   0.0381 |  6266894 |     434
    920000 | 0.222 | 0.428 | 2000000 |   0.0379 |  6335782 |     432
    930000 | 0.222 | 0.428 | 2000000 |   0.0376 |  6404648 |     446
    940000 | 0.222 | 0.428 | 2000000 |   0.0379 |  6473515 |     445
    950000 | 0.222 | 0.428 | 2000000 |   0.0380 |  6542386 |     432
    960000 | 0.221 | 0.429 | 2000000 |   0.0374 |  6611263 |     434
    970000 | 0.221 | 0.429 | 2000000 |   0.0377 |  6680160 |     435
    980000 | 0.221 | 0.429 | 2000000 |   0.0377 |  6749035 |     435
    990000 | 0.220 | 0.430 | 2000000 |   0.0376 |  6817914 |     431
   1000000 | 0.220 | 0.430 | 2000000 |   0.0371 |  6886783 |     433
  [EVAL] deals 67% | rand 88% (20s)
  [SAVE] models/dmc_1000000.safetensors
   1010000 | 0.220 | 0.430 | 2000000 |   0.0375 |  6955666 |     236
   1020000 | 0.219 | 0.431 | 2000000 |   0.0373 |  7024534 |     441
   1030000 | 0.219 | 0.431 | 2000000 |   0.0375 |  7093392 |     444
   1040000 | 0.219 | 0.431 | 2000000 |   0.0373 |  7162270 |     438
   1050000 | 0.219 | 0.431 | 2000000 |   0.0374 |  7231138 |     438
   1060000 | 0.218 | 0.432 | 2000000 |   0.0375 |  7299994 |     438
   1070000 | 0.218 | 0.432 | 2000000 |   0.0372 |  7368867 |     449
   1080000 | 0.218 | 0.432 | 2000000 |   0.0376 |  7437739 |     439
   1090000 | 0.217 | 0.433 | 2000000 |   0.0373 |  7506631 |     428
   1100000 | 0.217 | 0.433 | 2000000 |   0.0371 |  7575486 |     437
   1110000 | 0.217 | 0.433 | 2000000 |   0.0370 |  7644372 |     432
   1120000 | 0.216 | 0.434 | 2000000 |   0.0371 |  7713237 |     395
   1130000 | 0.216 | 0.434 | 2000000 |   0.0369 |  7782108 |     436
   1140000 | 0.216 | 0.434 | 2000000 |   0.0366 |  7850978 |     445
   1150000 | 0.216 | 0.434 | 2000000 |   0.0368 |  7919847 |     428
   1160000 | 0.215 | 0.435 | 2000000 |   0.0366 |  7988718 |     436
   1170000 | 0.215 | 0.435 | 2000000 |   0.0362 |  8057582 |     415
   1180000 | 0.215 | 0.435 | 2000000 |   0.0365 |  8126474 |     419
   1190000 | 0.214 | 0.436 | 2000000 |   0.0363 |  8195350 |     442
   1200000 | 0.214 | 0.436 | 2000000 |   0.0362 |  8264214 |     448
   1210000 | 0.214 | 0.436 | 2000000 |   0.0366 |  8333079 |     439
   1220000 | 0.213 | 0.437 | 2000000 |   0.0366 |  8401960 |     425
   1230000 | 0.213 | 0.437 | 2000000 |   0.0362 |  8470852 |     444
   1240000 | 0.213 | 0.437 | 2000000 |   0.0364 |  8539732 |     439
   1250000 | 0.213 | 0.437 | 2000000 |   0.0362 |  8608607 |     431
   1260000 | 0.212 | 0.438 | 2000000 |   0.0360 |  8677484 |     428
   1270000 | 0.212 | 0.438 | 2000000 |   0.0358 |  8746355 |     422
   1280000 | 0.212 | 0.438 | 2000000 |   0.0355 |  8815231 |     431
   1290000 | 0.211 | 0.439 | 2000000 |   0.0356 |  8884103 |     428
   1300000 | 0.211 | 0.439 | 2000000 |   0.0355 |  8952982 |     423
   1310000 | 0.211 | 0.439 | 2000000 |   0.0357 |  9021847 |     409
   1320000 | 0.210 | 0.440 | 2000000 |   0.0358 |  9090723 |     438
   1330000 | 0.210 | 0.440 | 2000000 |   0.0358 |  9159602 |     436
   1340000 | 0.210 | 0.440 | 2000000 |   0.0356 |  9228469 |     427
   1350000 | 0.210 | 0.440 | 2000000 |   0.0356 |  9297345 |     427
   1360000 | 0.209 | 0.441 | 2000000 |   0.0353 |  9366226 |     423
   1370000 | 0.209 | 0.441 | 2000000 |   0.0353 |  9435110 |     416
   1380000 | 0.209 | 0.441 | 2000000 |   0.0352 |  9503951 |     426
   1390000 | 0.208 | 0.442 | 2000000 |   0.0351 |  9572812 |     429
   1400000 | 0.208 | 0.442 | 2000000 |   0.0352 |  9641676 |     429
   1410000 | 0.208 | 0.442 | 2000000 |   0.0351 |  9710543 |     437
   1420000 | 0.207 | 0.443 | 2000000 |   0.0353 |  9779419 |     435
   1430000 | 0.207 | 0.443 | 2000000 |   0.0352 |  9848296 |     428
   1440000 | 0.207 | 0.443 | 2000000 |   0.0351 |  9917158 |     424
   1450000 | 0.207 | 0.443 | 2000000 |   0.0349 |  9986035 |     422
   1460000 | 0.206 | 0.444 | 2000000 |   0.0348 | 10054912 |     425
   1470000 | 0.206 | 0.444 | 2000000 |   0.0351 | 10123767 |     425
   1480000 | 0.206 | 0.444 | 2000000 |   0.0350 | 10192647 |     425
   1490000 | 0.205 | 0.445 | 2000000 |   0.0353 | 10261529 |     429
   1500000 | 0.205 | 0.445 | 2000000 |   0.0351 | 10330394 |     431
  [SAVE] models/dmc_1500000.safetensors
   1510000 | 0.205 | 0.445 | 2000000 |   0.0349 | 10399256 |     422
   1520000 | 0.204 | 0.446 | 2000000 |   0.0350 | 10468130 |     425
   1530000 | 0.204 | 0.446 | 2000000 |   0.0348 | 10537001 |     420
   1540000 | 0.204 | 0.446 | 2000000 |   0.0347 | 10605867 |     426
   1550000 | 0.204 | 0.446 | 2000000 |   0.0349 | 10674741 |     427
   1560000 | 0.203 | 0.447 | 2000000 |   0.0344 | 10743608 |     433
   1570000 | 0.203 | 0.447 | 2000000 |   0.0343 | 10812486 |     433
   1580000 | 0.203 | 0.447 | 2000000 |   0.0343 | 10881354 |     423
   1590000 | 0.202 | 0.448 | 2000000 |   0.0344 | 10950222 |     440
   1600000 | 0.202 | 0.448 | 2000000 |   0.0343 | 11019096 |     435
   1610000 | 0.202 | 0.448 | 2000000 |   0.0342 | 11087950 |     454
   1620000 | 0.201 | 0.449 | 2000000 |   0.0340 | 11156819 |     447
   1630000 | 0.201 | 0.449 | 2000000 |   0.0341 | 11225682 |     447
   1640000 | 0.201 | 0.449 | 2000000 |   0.0344 | 11294548 |     427
   1650000 | 0.201 | 0.449 | 2000000 |   0.0343 | 11363421 |     411
   1660000 | 0.200 | 0.450 | 2000000 |   0.0343 | 11432276 |     425
   1670000 | 0.200 | 0.450 | 2000000 |   0.0337 | 11501146 |     432
   1680000 | 0.200 | 0.450 | 2000000 |   0.0342 | 11570002 |     427
   1690000 | 0.199 | 0.451 | 2000000 |   0.0338 | 11638870 |     426
   1700000 | 0.199 | 0.451 | 2000000 |   0.0341 | 11707740 |     430
   1710000 | 0.199 | 0.451 | 2000000 |   0.0341 | 11776599 |     431
   1720000 | 0.198 | 0.452 | 2000000 |   0.0339 | 11845465 |     416
   1730000 | 0.198 | 0.452 | 2000000 |   0.0337 | 11914350 |     427
   1740000 | 0.198 | 0.452 | 2000000 |   0.0338 | 11983206 |     426
   1750000 | 0.198 | 0.452 | 2000000 |   0.0340 | 12052070 |     433
   1760000 | 0.197 | 0.453 | 2000000 |   0.0340 | 12120943 |     429
   1770000 | 0.197 | 0.453 | 2000000 |   0.0336 | 12189825 |     426
   1780000 | 0.197 | 0.453 | 2000000 |   0.0335 | 12258670 |     425
   1790000 | 0.196 | 0.454 | 2000000 |   0.0334 | 12327559 |     423
   1800000 | 0.196 | 0.454 | 2000000 |   0.0338 | 12396411 |     423
   1810000 | 0.196 | 0.454 | 2000000 |   0.0335 | 12465300 |     426
   1820000 | 0.195 | 0.455 | 2000000 |   0.0334 | 12534175 |     425
   1830000 | 0.195 | 0.455 | 2000000 |   0.0336 | 12603038 |     421
   1840000 | 0.195 | 0.455 | 2000000 |   0.0332 | 12671910 |     425
   1850000 | 0.195 | 0.455 | 2000000 |   0.0333 | 12740795 |     428
   1860000 | 0.194 | 0.456 | 2000000 |   0.0331 | 12809663 |     427
   1870000 | 0.194 | 0.456 | 2000000 |   0.0332 | 12878546 |     426
   1880000 | 0.194 | 0.456 | 2000000 |   0.0332 | 12947412 |     418
   1890000 | 0.193 | 0.457 | 2000000 |   0.0331 | 13016290 |     421
   1900000 | 0.193 | 0.457 | 2000000 |   0.0325 | 13085155 |     447
   1910000 | 0.193 | 0.457 | 2000000 |   0.0327 | 13154032 |     441
   1920000 | 0.192 | 0.458 | 2000000 |   0.0325 | 13222908 |     437
   1930000 | 0.192 | 0.458 | 2000000 |   0.0328 | 13291768 |     409
   1940000 | 0.192 | 0.458 | 2000000 |   0.0325 | 13360632 |     420
   1950000 | 0.192 | 0.458 | 2000000 |   0.0325 | 13429513 |     439
   1960000 | 0.191 | 0.459 | 2000000 |   0.0323 | 13498368 |     434
   1970000 | 0.191 | 0.459 | 2000000 |   0.0322 | 13567220 |     433
   1980000 | 0.191 | 0.459 | 2000000 |   0.0323 | 13636100 |     442
   1990000 | 0.190 | 0.460 | 2000000 |   0.0326 | 13704966 |     438
   2000000 | 0.190 | 0.460 | 2000000 |   0.0322 | 13773835 |     440
  [EVAL] deals 68% | rand 91% (19s)
  [SAVE] models/dmc_2000000.safetensors
   2010000 | 0.190 | 0.460 | 2000000 |   0.0323 | 13842718 |     236
   2020000 | 0.189 | 0.461 | 2000000 |   0.0319 | 13911590 |     431
   2030000 | 0.189 | 0.461 | 2000000 |   0.0320 | 13980465 |     435
   2040000 | 0.189 | 0.461 | 2000000 |   0.0322 | 14049353 |     434
   2050000 | 0.189 | 0.461 | 2000000 |   0.0322 | 14118227 |     426
   2060000 | 0.188 | 0.462 | 2000000 |   0.0321 | 14187113 |     429
   2070000 | 0.188 | 0.462 | 2000000 |   0.0319 | 14255986 |     431
   2080000 | 0.188 | 0.462 | 2000000 |   0.0317 | 14324850 |     425
   2090000 | 0.187 | 0.463 | 2000000 |   0.0319 | 14393725 |     440
   2100000 | 0.187 | 0.463 | 2000000 |   0.0318 | 14462591 |     434
   2110000 | 0.187 | 0.463 | 2000000 |   0.0320 | 14531467 |     433
   2120000 | 0.186 | 0.464 | 2000000 |   0.0317 | 14600332 |     445
   2130000 | 0.186 | 0.464 | 2000000 |   0.0315 | 14669209 |     448
   2140000 | 0.186 | 0.464 | 2000000 |   0.0318 | 14738086 |     450
   2150000 | 0.186 | 0.464 | 2000000 |   0.0317 | 14806946 |     453
   2160000 | 0.185 | 0.465 | 2000000 |   0.0314 | 14875811 |     453
   2170000 | 0.185 | 0.465 | 2000000 |   0.0317 | 14944668 |     450
   2180000 | 0.185 | 0.465 | 2000000 |   0.0317 | 15013555 |     458
   2190000 | 0.184 | 0.466 | 2000000 |   0.0321 | 15082420 |     455
   2200000 | 0.184 | 0.466 | 2000000 |   0.0316 | 15151287 |     449
   2210000 | 0.184 | 0.466 | 2000000 |   0.0316 | 15220137 |     448
   2220000 | 0.183 | 0.467 | 2000000 |   0.0317 | 15289006 |     456
   2230000 | 0.183 | 0.467 | 2000000 |   0.0315 | 15357883 |     457
   2240000 | 0.183 | 0.467 | 2000000 |   0.0317 | 15426758 |     452
   2250000 | 0.183 | 0.467 | 2000000 |   0.0313 | 15495622 |     454
   2260000 | 0.182 | 0.468 | 2000000 |   0.0313 | 15564491 |     451
   2270000 | 0.182 | 0.468 | 2000000 |   0.0315 | 15633355 |     454
   2280000 | 0.182 | 0.468 | 2000000 |   0.0314 | 15702231 |     451
   2290000 | 0.181 | 0.469 | 2000000 |   0.0313 | 15771085 |     451
   2300000 | 0.181 | 0.469 | 2000000 |   0.0312 | 15839961 |     452
   2310000 | 0.181 | 0.469 | 2000000 |   0.0310 | 15908839 |     453
   2320000 | 0.180 | 0.470 | 2000000 |   0.0311 | 15977713 |     445
   2330000 | 0.180 | 0.470 | 2000000 |   0.0309 | 16046593 |     452
   2340000 | 0.180 | 0.470 | 2000000 |   0.0310 | 16115454 |     460
   2350000 | 0.180 | 0.470 | 2000000 |   0.0307 | 16184314 |     454
   2360000 | 0.179 | 0.471 | 2000000 |   0.0306 | 16253178 |     450
   2370000 | 0.179 | 0.471 | 2000000 |   0.0306 | 16322016 |     451
   2380000 | 0.179 | 0.471 | 2000000 |   0.0306 | 16390883 |     453
   2390000 | 0.178 | 0.472 | 2000000 |   0.0307 | 16459755 |     437
   2400000 | 0.178 | 0.472 | 2000000 |   0.0305 | 16528617 |     431
   2410000 | 0.178 | 0.472 | 2000000 |   0.0304 | 16597490 |     431
   2420000 | 0.177 | 0.473 | 2000000 |   0.0304 | 16666365 |     453
   2430000 | 0.177 | 0.473 | 2000000 |   0.0304 | 16735222 |     459
   2440000 | 0.177 | 0.473 | 2000000 |   0.0307 | 16804100 |     447
   2450000 | 0.177 | 0.473 | 2000000 |   0.0307 | 16872974 |     449
   2460000 | 0.176 | 0.474 | 2000000 |   0.0306 | 16941833 |     450
   2470000 | 0.176 | 0.474 | 2000000 |   0.0305 | 17010702 |     441
   2480000 | 0.176 | 0.474 | 2000000 |   0.0304 | 17079577 |     457
   2490000 | 0.175 | 0.475 | 2000000 |   0.0305 | 17148443 |     453
   2500000 | 0.175 | 0.475 | 2000000 |   0.0302 | 17217308 |     448
  [SAVE] models/dmc_2500000.safetensors
   2510000 | 0.175 | 0.475 | 2000000 |   0.0300 | 17286170 |     455
   2520000 | 0.174 | 0.476 | 2000000 |   0.0301 | 17355040 |     457
   2530000 | 0.174 | 0.476 | 2000000 |   0.0302 | 17423917 |     455
   2540000 | 0.174 | 0.476 | 2000000 |   0.0302 | 17492793 |     449
   2550000 | 0.174 | 0.476 | 2000000 |   0.0298 | 17561663 |     441
   2560000 | 0.173 | 0.477 | 2000000 |   0.0302 | 17630546 |     446
   2570000 | 0.173 | 0.477 | 2000000 |   0.0301 | 17699426 |     443
   2580000 | 0.173 | 0.477 | 2000000 |   0.0301 | 17768291 |     438
   2590000 | 0.172 | 0.478 | 2000000 |   0.0298 | 17837167 |     437
   2600000 | 0.172 | 0.478 | 2000000 |   0.0299 | 17906031 |     451
   2610000 | 0.172 | 0.478 | 2000000 |   0.0298 | 17974896 |     457
   2620000 | 0.171 | 0.479 | 2000000 |   0.0301 | 18043766 |     451
   2630000 | 0.171 | 0.479 | 2000000 |   0.0300 | 18112635 |     430
   2640000 | 0.171 | 0.479 | 2000000 |   0.0301 | 18181498 |     454
   2650000 | 0.171 | 0.479 | 2000000 |   0.0299 | 18250364 |     452
   2660000 | 0.170 | 0.480 | 2000000 |   0.0297 | 18319240 |     452
   2670000 | 0.170 | 0.480 | 2000000 |   0.0301 | 18388103 |     446
   2680000 | 0.170 | 0.480 | 2000000 |   0.0295 | 18456973 |     449
   2690000 | 0.169 | 0.481 | 2000000 |   0.0293 | 18525824 |     449
   2700000 | 0.169 | 0.481 | 2000000 |   0.0292 | 18594677 |     456
   2710000 | 0.169 | 0.481 | 2000000 |   0.0291 | 18663552 |     453
   2720000 | 0.168 | 0.482 | 2000000 |   0.0290 | 18732402 |     454
   2730000 | 0.168 | 0.482 | 2000000 |   0.0294 | 18801271 |     455
   2740000 | 0.168 | 0.482 | 2000000 |   0.0293 | 18870133 |     455
   2750000 | 0.168 | 0.482 | 2000000 |   0.0292 | 18938988 |     446
   2760000 | 0.167 | 0.483 | 2000000 |   0.0294 | 19007872 |     430
   2770000 | 0.167 | 0.483 | 2000000 |   0.0294 | 19076741 |     451
   2780000 | 0.167 | 0.483 | 2000000 |   0.0291 | 19145609 |     441
   2790000 | 0.166 | 0.484 | 2000000 |   0.0290 | 19214492 |     442
   2800000 | 0.166 | 0.484 | 2000000 |   0.0291 | 19283354 |     447
   2810000 | 0.166 | 0.484 | 2000000 |   0.0290 | 19352218 |     440
   2820000 | 0.165 | 0.485 | 2000000 |   0.0294 | 19421092 |     439
   2830000 | 0.165 | 0.485 | 2000000 |   0.0292 | 19489958 |     450
   2840000 | 0.165 | 0.485 | 2000000 |   0.0291 | 19558833 |     449
   2850000 | 0.165 | 0.485 | 2000000 |   0.0290 | 19627714 |     445
   2860000 | 0.164 | 0.486 | 2000000 |   0.0284 | 19696595 |     453
   2870000 | 0.164 | 0.486 | 2000000 |   0.0286 | 19765449 |     440
   2880000 | 0.164 | 0.486 | 2000000 |   0.0290 | 19834308 |     446
   2890000 | 0.163 | 0.487 | 2000000 |   0.0285 | 19903170 |     434
   2900000 | 0.163 | 0.487 | 2000000 |   0.0289 | 19972045 |     408
   2910000 | 0.163 | 0.487 | 2000000 |   0.0290 | 20040918 |     436
   2920000 | 0.162 | 0.488 | 2000000 |   0.0288 | 20109794 |     453
   2930000 | 0.162 | 0.488 | 2000000 |   0.0286 | 20178665 |     441
   2940000 | 0.162 | 0.488 | 2000000 |   0.0287 | 20247530 |     458
   2950000 | 0.162 | 0.488 | 2000000 |   0.0285 | 20316399 |     430
   2960000 | 0.161 | 0.489 | 2000000 |   0.0288 | 20385280 |     443
   2970000 | 0.161 | 0.489 | 2000000 |   0.0283 | 20454141 |     455
   2980000 | 0.161 | 0.489 | 2000000 |   0.0284 | 20523006 |     432
   2990000 | 0.160 | 0.490 | 2000000 |   0.0284 | 20591872 |     441
   3000000 | 0.160 | 0.490 | 2000000 |   0.0282 | 20660731 |     440
  [EVAL] deals 69% | rand 95% (19s)
  [SAVE] models/dmc_3000000.safetensors
   3010000 | 0.160 | 0.490 | 2000000 |   0.0282 | 20729598 |     239
   3020000 | 0.159 | 0.491 | 2000000 |   0.0282 | 20798456 |     449
   3030000 | 0.159 | 0.491 | 2000000 |   0.0281 | 20867328 |     436
   3040000 | 0.159 | 0.491 | 2000000 |   0.0281 | 20936197 |     443
   3050000 | 0.159 | 0.491 | 2000000 |   0.0281 | 21005073 |     444
   3060000 | 0.158 | 0.492 | 2000000 |   0.0282 | 21073928 |     437
   3070000 | 0.158 | 0.492 | 2000000 |   0.0280 | 21142811 |     445
   3080000 | 0.158 | 0.492 | 2000000 |   0.0282 | 21211686 |     431
   3090000 | 0.157 | 0.493 | 2000000 |   0.0276 | 21280541 |     442
   3100000 | 0.157 | 0.493 | 2000000 |   0.0282 | 21349421 |     436
   3110000 | 0.157 | 0.493 | 2000000 |   0.0279 | 21418301 |     434
   3120000 | 0.156 | 0.494 | 2000000 |   0.0280 | 21487165 |     445
   3130000 | 0.156 | 0.494 | 2000000 |   0.0280 | 21556010 |     441
   3140000 | 0.156 | 0.494 | 2000000 |   0.0283 | 21624892 |     452
   3150000 | 0.156 | 0.494 | 2000000 |   0.0279 | 21693761 |     448
   3160000 | 0.155 | 0.495 | 2000000 |   0.0280 | 21762628 |     451
   3170000 | 0.155 | 0.495 | 2000000 |   0.0276 | 21831500 |     444
   3180000 | 0.155 | 0.495 | 2000000 |   0.0276 | 21900363 |     450
   3190000 | 0.154 | 0.496 | 2000000 |   0.0274 | 21969216 |     446
   3200000 | 0.154 | 0.496 | 2000000 |   0.0276 | 22038086 |     431
   3210000 | 0.154 | 0.496 | 2000000 |   0.0277 | 22106952 |     437
   3220000 | 0.153 | 0.497 | 2000000 |   0.0279 | 22175834 |     441
   3230000 | 0.153 | 0.497 | 2000000 |   0.0275 | 22244699 |     460
   3240000 | 0.153 | 0.497 | 2000000 |   0.0278 | 22313572 |     454
   3250000 | 0.153 | 0.497 | 2000000 |   0.0279 | 22382444 |     452
   3260000 | 0.152 | 0.498 | 2000000 |   0.0276 | 22451311 |     439
   3270000 | 0.152 | 0.498 | 2000000 |   0.0274 | 22520184 |     451
   3280000 | 0.152 | 0.498 | 2000000 |   0.0274 | 22589055 |     447
   3290000 | 0.151 | 0.499 | 2000000 |   0.0272 | 22657922 |     429
   3300000 | 0.151 | 0.499 | 2000000 |   0.0272 | 22726797 |     434
   3310000 | 0.151 | 0.499 | 2000000 |   0.0273 | 22795657 |     450
   3320000 | 0.150 | 0.500 | 2000000 |   0.0273 | 22864510 |     452
   3330000 | 0.150 | 0.500 | 2000000 |   0.0269 | 22933380 |     442
   3340000 | 0.150 | 0.500 | 2000000 |   0.0274 | 23002250 |     442
   3350000 | 0.150 | 0.500 | 2000000 |   0.0268 | 23071125 |     454
   3360000 | 0.149 | 0.501 | 2000000 |   0.0269 | 23139982 |     451
   3370000 | 0.149 | 0.501 | 2000000 |   0.0266 | 23208865 |     452
   3380000 | 0.149 | 0.501 | 2000000 |   0.0269 | 23277760 |     457
   3390000 | 0.148 | 0.502 | 2000000 |   0.0270 | 23346620 |     454
   3400000 | 0.148 | 0.502 | 2000000 |   0.0267 | 23415500 |     452
   3410000 | 0.148 | 0.502 | 2000000 |   0.0271 | 23484382 |     459
   3420000 | 0.147 | 0.503 | 2000000 |   0.0270 | 23553251 |     432
   3430000 | 0.147 | 0.503 | 2000000 |   0.0271 | 23622112 |     401
   3440000 | 0.147 | 0.503 | 2000000 |   0.0268 | 23690977 |     415
   3450000 | 0.147 | 0.503 | 2000000 |   0.0267 | 23759856 |     447
   3460000 | 0.146 | 0.504 | 2000000 |   0.0267 | 23828737 |     440
   3470000 | 0.146 | 0.504 | 2000000 |   0.0268 | 23897602 |     441
   3480000 | 0.146 | 0.504 | 2000000 |   0.0266 | 23966497 |     428
   3490000 | 0.145 | 0.505 | 2000000 |   0.0265 | 24035380 |     443
   3500000 | 0.145 | 0.505 | 2000000 |   0.0265 | 24104251 |     440
  [SAVE] models/dmc_3500000.safetensors
   3510000 | 0.145 | 0.505 | 2000000 |   0.0264 | 24173133 |     455
   3520000 | 0.144 | 0.506 | 2000000 |   0.0260 | 24242009 |     454
   3530000 | 0.144 | 0.506 | 2000000 |   0.0263 | 24310893 |     459
   3540000 | 0.144 | 0.506 | 2000000 |   0.0263 | 24379752 |     457
   3550000 | 0.144 | 0.506 | 2000000 |   0.0263 | 24448642 |     465
   3560000 | 0.143 | 0.507 | 2000000 |   0.0263 | 24517504 |     456
   3570000 | 0.143 | 0.507 | 2000000 |   0.0262 | 24586365 |     463
   3580000 | 0.143 | 0.507 | 2000000 |   0.0263 | 24655229 |     463
   3590000 | 0.142 | 0.508 | 2000000 |   0.0265 | 24724101 |     462
   3600000 | 0.142 | 0.508 | 2000000 |   0.0265 | 24792973 |     468
   3610000 | 0.142 | 0.508 | 2000000 |   0.0262 | 24861850 |     463
   3620000 | 0.141 | 0.509 | 2000000 |   0.0259 | 24930721 |     464
   3630000 | 0.141 | 0.509 | 2000000 |   0.0260 | 24999604 |     457
   3640000 | 0.141 | 0.509 | 2000000 |   0.0261 | 25068475 |     458
   3650000 | 0.141 | 0.509 | 2000000 |   0.0263 | 25137339 |     444
   3660000 | 0.140 | 0.510 | 2000000 |   0.0263 | 25206215 |     446
   3670000 | 0.140 | 0.510 | 2000000 |   0.0262 | 25275102 |     450
   3680000 | 0.140 | 0.510 | 2000000 |   0.0260 | 25343971 |     455
   3690000 | 0.139 | 0.511 | 2000000 |   0.0261 | 25412844 |     458
   3700000 | 0.139 | 0.511 | 2000000 |   0.0260 | 25481711 |     457
   3710000 | 0.139 | 0.511 | 2000000 |   0.0259 | 25550581 |     462
   3720000 | 0.138 | 0.512 | 2000000 |   0.0255 | 25619456 |     453
   3730000 | 0.138 | 0.512 | 2000000 |   0.0254 | 25688325 |     457
   3740000 | 0.138 | 0.512 | 2000000 |   0.0257 | 25757196 |     453
   3750000 | 0.138 | 0.512 | 2000000 |   0.0257 | 25826040 |     447
   3760000 | 0.137 | 0.513 | 2000000 |   0.0256 | 25894918 |     460
   3770000 | 0.137 | 0.513 | 2000000 |   0.0258 | 25963793 |     455
   3780000 | 0.137 | 0.513 | 2000000 |   0.0259 | 26032681 |     455
   3790000 | 0.136 | 0.514 | 2000000 |   0.0257 | 26101541 |     461
   3800000 | 0.136 | 0.514 | 2000000 |   0.0257 | 26170400 |     463
   3810000 | 0.136 | 0.514 | 2000000 |   0.0258 | 26239275 |     459
   3820000 | 0.135 | 0.515 | 2000000 |   0.0256 | 26308149 |     461
   3830000 | 0.135 | 0.515 | 2000000 |   0.0253 | 26377024 |     462
   3840000 | 0.135 | 0.515 | 2000000 |   0.0253 | 26445894 |     465
   3850000 | 0.135 | 0.515 | 2000000 |   0.0253 | 26514758 |     466
   3860000 | 0.134 | 0.516 | 2000000 |   0.0254 | 26583637 |     464
   3870000 | 0.134 | 0.516 | 2000000 |   0.0251 | 26652506 |     457
   3880000 | 0.134 | 0.516 | 2000000 |   0.0252 | 26721373 |     460
   3890000 | 0.133 | 0.517 | 2000000 |   0.0250 | 26790242 |     463
   3900000 | 0.133 | 0.517 | 2000000 |   0.0251 | 26859101 |     460
   3910000 | 0.133 | 0.517 | 2000000 |   0.0252 | 26927989 |     466
   3920000 | 0.132 | 0.518 | 2000000 |   0.0253 | 26996841 |     468
   3930000 | 0.132 | 0.518 | 2000000 |   0.0253 | 27065717 |     460
   3940000 | 0.132 | 0.518 | 2000000 |   0.0250 | 27134576 |     453
   3950000 | 0.132 | 0.518 | 2000000 |   0.0250 | 27203442 |     468
   3960000 | 0.131 | 0.519 | 2000000 |   0.0250 | 27272328 |     447
   3970000 | 0.131 | 0.519 | 2000000 |   0.0250 | 27341178 |     454
   3980000 | 0.131 | 0.519 | 2000000 |   0.0249 | 27410046 |     457
   3990000 | 0.130 | 0.520 | 2000000 |   0.0247 | 27478919 |     456
   4000000 | 0.130 | 0.520 | 2000000 |   0.0248 | 27547794 |     456
  [EVAL] deals 65% | rand 95% (19s)
  [SAVE] models/dmc_4000000.safetensors
   4010000 | 0.130 | 0.520 | 2000000 |   0.0249 | 27616675 |     241
   4020000 | 0.129 | 0.521 | 2000000 |   0.0248 | 27685522 |     458
   4030000 | 0.129 | 0.521 | 2000000 |   0.0248 | 27754392 |     457
   4040000 | 0.129 | 0.521 | 2000000 |   0.0249 | 27823277 |     457
   4050000 | 0.129 | 0.521 | 2000000 |   0.0247 | 27892155 |     455
   4060000 | 0.128 | 0.522 | 2000000 |   0.0244 | 27961009 |     461
   4070000 | 0.128 | 0.522 | 2000000 |   0.0246 | 28029862 |     449
   4080000 | 0.128 | 0.522 | 2000000 |   0.0244 | 28098742 |     440
   4090000 | 0.127 | 0.523 | 2000000 |   0.0248 | 28167594 |     447
   4100000 | 0.127 | 0.523 | 2000000 |   0.0247 | 28236472 |     438
   4110000 | 0.127 | 0.523 | 2000000 |   0.0248 | 28305342 |     454
   4120000 | 0.126 | 0.524 | 2000000 |   0.0247 | 28374215 |     439
   4130000 | 0.126 | 0.524 | 2000000 |   0.0248 | 28443088 |     457
   4140000 | 0.126 | 0.524 | 2000000 |   0.0247 | 28511942 |     458
   4150000 | 0.126 | 0.524 | 2000000 |   0.0247 | 28580812 |     457
   4160000 | 0.125 | 0.525 | 2000000 |   0.0243 | 28649663 |     459
   4170000 | 0.125 | 0.525 | 2000000 |   0.0246 | 28718543 |     457
   4180000 | 0.125 | 0.525 | 2000000 |   0.0245 | 28787406 |     457
   4190000 | 0.124 | 0.526 | 2000000 |   0.0244 | 28856283 |     456
   4200000 | 0.124 | 0.526 | 2000000 |   0.0244 | 28925153 |     460
   4210000 | 0.124 | 0.526 | 2000000 |   0.0244 | 28994044 |     456
   4220000 | 0.123 | 0.527 | 2000000 |   0.0243 | 29062916 |     458
   4230000 | 0.123 | 0.527 | 2000000 |   0.0243 | 29131778 |     445
   4240000 | 0.123 | 0.527 | 2000000 |   0.0243 | 29200643 |     458
   4250000 | 0.123 | 0.527 | 2000000 |   0.0239 | 29269495 |     461
   4260000 | 0.122 | 0.528 | 2000000 |   0.0242 | 29338382 |     455
   4270000 | 0.122 | 0.528 | 2000000 |   0.0241 | 29407233 |     456
   4280000 | 0.122 | 0.528 | 2000000 |   0.0237 | 29476108 |     458
   4290000 | 0.121 | 0.529 | 2000000 |   0.0239 | 29544971 |     456
   4300000 | 0.121 | 0.529 | 2000000 |   0.0238 | 29613841 |     456
   4310000 | 0.121 | 0.529 | 2000000 |   0.0240 | 29682719 |     434
   4320000 | 0.120 | 0.530 | 2000000 |   0.0238 | 29751601 |     446
   4330000 | 0.120 | 0.530 | 2000000 |   0.0236 | 29820457 |     461
   4340000 | 0.120 | 0.530 | 2000000 |   0.0236 | 29889334 |     456
   4350000 | 0.120 | 0.530 | 2000000 |   0.0239 | 29958217 |     451
   4360000 | 0.119 | 0.531 | 2000000 |   0.0235 | 30027074 |     449
   4370000 | 0.119 | 0.531 | 2000000 |   0.0235 | 30095934 |     434
   4380000 | 0.119 | 0.531 | 2000000 |   0.0234 | 30164798 |     435
   4390000 | 0.118 | 0.532 | 2000000 |   0.0234 | 30233662 |     445
   4400000 | 0.118 | 0.532 | 2000000 |   0.0235 | 30302548 |     444
   4410000 | 0.118 | 0.532 | 2000000 |   0.0235 | 30371403 |     443
   4420000 | 0.117 | 0.533 | 2000000 |   0.0234 | 30440269 |     448
   4430000 | 0.117 | 0.533 | 2000000 |   0.0233 | 30509126 |     453
   4440000 | 0.117 | 0.533 | 2000000 |   0.0234 | 30577996 |     454
   4450000 | 0.117 | 0.533 | 2000000 |   0.0234 | 30646858 |     430
   4460000 | 0.116 | 0.534 | 2000000 |   0.0234 | 30715724 |     452
   4470000 | 0.116 | 0.534 | 2000000 |   0.0234 | 30784610 |     452
   4480000 | 0.116 | 0.534 | 2000000 |   0.0235 | 30853483 |     441
   4490000 | 0.115 | 0.535 | 2000000 |   0.0234 | 30922366 |     449
   4500000 | 0.115 | 0.535 | 2000000 |   0.0234 | 30991233 |     434
  [SAVE] models/dmc_4500000.safetensors
   4510000 | 0.115 | 0.535 | 2000000 |   0.0232 | 31060085 |     455
   4520000 | 0.114 | 0.536 | 2000000 |   0.0235 | 31128969 |     451
   4530000 | 0.114 | 0.536 | 2000000 |   0.0234 | 31197829 |     455
   4540000 | 0.114 | 0.536 | 2000000 |   0.0233 | 31266702 |     453
   4550000 | 0.114 | 0.536 | 2000000 |   0.0232 | 31335562 |     453
   4560000 | 0.113 | 0.537 | 2000000 |   0.0233 | 31404428 |     431
   4570000 | 0.113 | 0.537 | 2000000 |   0.0232 | 31473302 |     436
   4580000 | 0.113 | 0.537 | 2000000 |   0.0229 | 31542172 |     428
   4590000 | 0.112 | 0.538 | 2000000 |   0.0232 | 31611039 |     415
   4600000 | 0.112 | 0.538 | 2000000 |   0.0233 | 31679900 |     373
   4610000 | 0.112 | 0.538 | 2000000 |   0.0232 | 31748772 |     421
   4620000 | 0.111 | 0.539 | 2000000 |   0.0231 | 31817626 |     450
   4630000 | 0.111 | 0.539 | 2000000 |   0.0230 | 31886492 |     454
   4640000 | 0.111 | 0.539 | 2000000 |   0.0232 | 31955379 |     415
   4650000 | 0.111 | 0.539 | 2000000 |   0.0230 | 32024252 |     440
   4660000 | 0.110 | 0.540 | 2000000 |   0.0227 | 32093108 |     419
   4670000 | 0.110 | 0.540 | 2000000 |   0.0229 | 32161979 |     435
   4680000 | 0.110 | 0.540 | 2000000 |   0.0233 | 32230836 |     446
   4690000 | 0.109 | 0.541 | 2000000 |   0.0231 | 32299713 |     443
   4700000 | 0.109 | 0.541 | 2000000 |   0.0227 | 32368586 |     448
   4710000 | 0.109 | 0.541 | 2000000 |   0.0229 | 32437462 |     447
   4720000 | 0.108 | 0.542 | 2000000 |   0.0229 | 32506354 |     449
   4730000 | 0.108 | 0.542 | 2000000 |   0.0231 | 32575224 |     456
   4740000 | 0.108 | 0.542 | 2000000 |   0.0227 | 32644088 |     456
   4750000 | 0.108 | 0.542 | 2000000 |   0.0227 | 32712959 |     448
   4760000 | 0.107 | 0.543 | 2000000 |   0.0228 | 32781821 |     453
   4770000 | 0.107 | 0.543 | 2000000 |   0.0228 | 32850697 |     452
   4780000 | 0.107 | 0.543 | 2000000 |   0.0229 | 32919556 |     457
   4790000 | 0.106 | 0.544 | 2000000 |   0.0228 | 32988422 |     449
   4800000 | 0.106 | 0.544 | 2000000 |   0.0227 | 33057271 |     456
   4810000 | 0.106 | 0.544 | 2000000 |   0.0228 | 33126151 |     458
   4820000 | 0.105 | 0.545 | 2000000 |   0.0225 | 33195020 |     458
   4830000 | 0.105 | 0.545 | 2000000 |   0.0222 | 33263887 |     446
   4840000 | 0.105 | 0.545 | 2000000 |   0.0225 | 33332754 |     449
   4850000 | 0.105 | 0.545 | 2000000 |   0.0224 | 33401625 |     453
   4860000 | 0.104 | 0.546 | 2000000 |   0.0226 | 33470501 |     452
   4870000 | 0.104 | 0.546 | 2000000 |   0.0226 | 33539359 |     452
   4880000 | 0.104 | 0.546 | 2000000 |   0.0226 | 33608231 |     456
   4890000 | 0.103 | 0.547 | 2000000 |   0.0223 | 33677100 |     458
   4900000 | 0.103 | 0.547 | 2000000 |   0.0223 | 33745938 |     459
   4910000 | 0.103 | 0.547 | 2000000 |   0.0223 | 33814822 |     457
   4920000 | 0.102 | 0.548 | 2000000 |   0.0223 | 33883668 |     460
   4930000 | 0.102 | 0.548 | 2000000 |   0.0220 | 33952534 |     454
   4940000 | 0.102 | 0.548 | 2000000 |   0.0221 | 34021399 |     448
   4950000 | 0.102 | 0.548 | 2000000 |   0.0222 | 34090262 |     440
   4960000 | 0.101 | 0.549 | 2000000 |   0.0221 | 34159136 |     456
   4970000 | 0.101 | 0.549 | 2000000 |   0.0219 | 34228010 |     450
   4980000 | 0.101 | 0.549 | 2000000 |   0.0219 | 34296885 |     418
   4990000 | 0.100 | 0.550 | 2000000 |   0.0219 | 34365751 |     438
   5000000 | 0.100 | 0.550 | 2000000 |   0.0218 | 34434616 |     442
  [EVAL] deals 72% | rand 92% (19s)
  [SAVE] models/dmc_5000000.safetensors
   5010000 | 0.100 | 0.550 | 2000000 |   0.0219 | 34503502 |     237
   5020000 | 0.099 | 0.551 | 2000000 |   0.0221 | 34572374 |     436
   5030000 | 0.099 | 0.551 | 2000000 |   0.0219 | 34641251 |     439
   5040000 | 0.099 | 0.551 | 2000000 |   0.0216 | 34710125 |     443
   5050000 | 0.099 | 0.551 | 2000000 |   0.0217 | 34779009 |     445
   5060000 | 0.098 | 0.552 | 2000000 |   0.0218 | 34847871 |     455
   5070000 | 0.098 | 0.552 | 2000000 |   0.0218 | 34916741 |     444
   5080000 | 0.098 | 0.552 | 2000000 |   0.0217 | 34985617 |     442
   5090000 | 0.097 | 0.553 | 2000000 |   0.0218 | 35054478 |     438
   5100000 | 0.097 | 0.553 | 2000000 |   0.0218 | 35123365 |     435
   5110000 | 0.097 | 0.553 | 2000000 |   0.0217 | 35192223 |     446
   5120000 | 0.096 | 0.554 | 2000000 |   0.0215 | 35261083 |     443
   5130000 | 0.096 | 0.554 | 2000000 |   0.0215 | 35329951 |     446
   5140000 | 0.096 | 0.554 | 2000000 |   0.0214 | 35398818 |     453
   5150000 | 0.096 | 0.554 | 2000000 |   0.0216 | 35467684 |     444
   5160000 | 0.095 | 0.555 | 2000000 |   0.0215 | 35536556 |     453
   5170000 | 0.095 | 0.555 | 2000000 |   0.0216 | 35605429 |     448
   5180000 | 0.095 | 0.555 | 2000000 |   0.0215 | 35674305 |     433
   5190000 | 0.094 | 0.556 | 2000000 |   0.0216 | 35743165 |     434
   5200000 | 0.094 | 0.556 | 2000000 |   0.0217 | 35812030 |     444
   5210000 | 0.094 | 0.556 | 2000000 |   0.0214 | 35880904 |     442
   5220000 | 0.093 | 0.557 | 2000000 |   0.0213 | 35949776 |     453
   5230000 | 0.093 | 0.557 | 2000000 |   0.0212 | 36018654 |     455
   5240000 | 0.093 | 0.557 | 2000000 |   0.0213 | 36087514 |     455
   5250000 | 0.093 | 0.557 | 2000000 |   0.0213 | 36156393 |     450
   5260000 | 0.092 | 0.558 | 2000000 |   0.0213 | 36225246 |     439
   5270000 | 0.092 | 0.558 | 2000000 |   0.0211 | 36294122 |     450
   5280000 | 0.092 | 0.558 | 2000000 |   0.0212 | 36363018 |     445
   5290000 | 0.091 | 0.559 | 2000000 |   0.0213 | 36431892 |     443
   5300000 | 0.091 | 0.559 | 2000000 |   0.0211 | 36500755 |     446
   5310000 | 0.091 | 0.559 | 2000000 |   0.0211 | 36569621 |     446
   5320000 | 0.090 | 0.560 | 2000000 |   0.0212 | 36638498 |     451
   5330000 | 0.090 | 0.560 | 2000000 |   0.0214 | 36707370 |     448
   5340000 | 0.090 | 0.560 | 2000000 |   0.0211 | 36776230 |     448
   5350000 | 0.090 | 0.560 | 2000000 |   0.0211 | 36845103 |     445
   5360000 | 0.089 | 0.561 | 2000000 |   0.0211 | 36913964 |     446
   5370000 | 0.089 | 0.561 | 2000000 |   0.0209 | 36982841 |     449
   5380000 | 0.089 | 0.561 | 2000000 |   0.0209 | 37051729 |     423
   5390000 | 0.088 | 0.562 | 2000000 |   0.0209 | 37120595 |     444
   5400000 | 0.088 | 0.562 | 2000000 |   0.0207 | 37189456 |     426
   5410000 | 0.088 | 0.562 | 2000000 |   0.0208 | 37258329 |     445
   5420000 | 0.087 | 0.563 | 2000000 |   0.0209 | 37327207 |     446
   5430000 | 0.087 | 0.563 | 2000000 |   0.0210 | 37396066 |     444
   5440000 | 0.087 | 0.563 | 2000000 |   0.0208 | 37464926 |     435
   5450000 | 0.087 | 0.563 | 2000000 |   0.0209 | 37533794 |     454
   5460000 | 0.086 | 0.564 | 2000000 |   0.0206 | 37602680 |     451
   5470000 | 0.086 | 0.564 | 2000000 |   0.0206 | 37671528 |     450
   5480000 | 0.086 | 0.564 | 2000000 |   0.0205 | 37740404 |     443
   5490000 | 0.085 | 0.565 | 2000000 |   0.0204 | 37809276 |     445
   5500000 | 0.085 | 0.565 | 2000000 |   0.0204 | 37878160 |     449
  [SAVE] models/dmc_5500000.safetensors
   5510000 | 0.085 | 0.565 | 2000000 |   0.0204 | 37947014 |     435
   5520000 | 0.084 | 0.566 | 2000000 |   0.0203 | 38015883 |     453
   5530000 | 0.084 | 0.566 | 2000000 |   0.0206 | 38084757 |     462
   5540000 | 0.084 | 0.566 | 2000000 |   0.0205 | 38153612 |     461
   5550000 | 0.084 | 0.566 | 2000000 |   0.0203 | 38222482 |     462
   5560000 | 0.083 | 0.567 | 2000000 |   0.0205 | 38291338 |     460
   5570000 | 0.083 | 0.567 | 2000000 |   0.0205 | 38360219 |     448
   5580000 | 0.083 | 0.567 | 2000000 |   0.0205 | 38429091 |     458
   5590000 | 0.082 | 0.568 | 2000000 |   0.0203 | 38497964 |     455
   5600000 | 0.082 | 0.568 | 2000000 |   0.0205 | 38566835 |     450
   5610000 | 0.082 | 0.568 | 2000000 |   0.0203 | 38635693 |     454
   5620000 | 0.081 | 0.569 | 2000000 |   0.0204 | 38704554 |     452
   5630000 | 0.081 | 0.569 | 2000000 |   0.0203 | 38773432 |     448
   5640000 | 0.081 | 0.569 | 2000000 |   0.0203 | 38842301 |     443
   5650000 | 0.081 | 0.569 | 2000000 |   0.0206 | 38911164 |     447
   5660000 | 0.080 | 0.570 | 2000000 |   0.0205 | 38980045 |     450
   5670000 | 0.080 | 0.570 | 2000000 |   0.0200 | 39048915 |     450
   5680000 | 0.080 | 0.570 | 2000000 |   0.0199 | 39117782 |     438
   5690000 | 0.079 | 0.571 | 2000000 |   0.0201 | 39186655 |     448
   5700000 | 0.079 | 0.571 | 2000000 |   0.0201 | 39255507 |     451
   5710000 | 0.079 | 0.571 | 2000000 |   0.0201 | 39324370 |     452
   5720000 | 0.078 | 0.572 | 2000000 |   0.0199 | 39393255 |     459
   5730000 | 0.078 | 0.572 | 2000000 |   0.0199 | 39462129 |     459
   5740000 | 0.078 | 0.572 | 2000000 |   0.0201 | 39530986 |     445
   5750000 | 0.078 | 0.572 | 2000000 |   0.0203 | 39599881 |     455
   5760000 | 0.077 | 0.573 | 2000000 |   0.0201 | 39668730 |     451
   5770000 | 0.077 | 0.573 | 2000000 |   0.0200 | 39737606 |     450
   5780000 | 0.077 | 0.573 | 2000000 |   0.0201 | 39806466 |     450
   5790000 | 0.076 | 0.574 | 2000000 |   0.0200 | 39875332 |     446
   5800000 | 0.076 | 0.574 | 2000000 |   0.0200 | 39944204 |     456
   5810000 | 0.076 | 0.574 | 2000000 |   0.0203 | 40013069 |     453
   5820000 | 0.075 | 0.575 | 2000000 |   0.0199 | 40081941 |     452
   5830000 | 0.075 | 0.575 | 2000000 |   0.0199 | 40150807 |     456
   5840000 | 0.075 | 0.575 | 2000000 |   0.0200 | 40219675 |     448
   5850000 | 0.075 | 0.575 | 2000000 |   0.0198 | 40288559 |     448
   5860000 | 0.074 | 0.576 | 2000000 |   0.0198 | 40357447 |     448
   5870000 | 0.074 | 0.576 | 2000000 |   0.0199 | 40426306 |     447
   5880000 | 0.074 | 0.576 | 2000000 |   0.0198 | 40495163 |     447
   5890000 | 0.073 | 0.577 | 2000000 |   0.0196 | 40564037 |     437
   5900000 | 0.073 | 0.577 | 2000000 |   0.0195 | 40632926 |     443
   5910000 | 0.073 | 0.577 | 2000000 |   0.0196 | 40701799 |     438
   5920000 | 0.072 | 0.578 | 2000000 |   0.0196 | 40770662 |     440
   5930000 | 0.072 | 0.578 | 2000000 |   0.0195 | 40839532 |     444
   5940000 | 0.072 | 0.578 | 2000000 |   0.0195 | 40908413 |     443
   5950000 | 0.072 | 0.578 | 2000000 |   0.0196 | 40977276 |     439
   5960000 | 0.071 | 0.579 | 2000000 |   0.0193 | 41046140 |     440
   5970000 | 0.071 | 0.579 | 2000000 |   0.0193 | 41115020 |     445
   5980000 | 0.071 | 0.579 | 2000000 |   0.0196 | 41183881 |     440
   5990000 | 0.070 | 0.580 | 2000000 |   0.0194 | 41252734 |     454
   6000000 | 0.070 | 0.580 | 2000000 |   0.0193 | 41321597 |     449
  [EVAL] deals 74% | rand 96% (18s)
  [SAVE] models/dmc_6000000.safetensors
   6010000 | 0.070 | 0.580 | 2000000 |   0.0193 | 41390481 |     246
   6020000 | 0.069 | 0.581 | 2000000 |   0.0192 | 41459350 |     454
   6030000 | 0.069 | 0.581 | 2000000 |   0.0193 | 41528217 |     451
   6040000 | 0.069 | 0.581 | 2000000 |   0.0193 | 41597081 |     447
   6050000 | 0.069 | 0.581 | 2000000 |   0.0192 | 41665953 |     449
   6060000 | 0.068 | 0.582 | 2000000 |   0.0193 | 41734812 |     448
   6070000 | 0.068 | 0.582 | 2000000 |   0.0194 | 41803710 |     454
   6080000 | 0.068 | 0.582 | 2000000 |   0.0195 | 41872571 |     455
   6090000 | 0.067 | 0.583 | 2000000 |   0.0195 | 41941438 |     456
   6100000 | 0.067 | 0.583 | 2000000 |   0.0194 | 42010303 |     457
   6110000 | 0.067 | 0.583 | 2000000 |   0.0190 | 42079185 |     424
   6120000 | 0.066 | 0.584 | 2000000 |   0.0193 | 42148047 |     452
   6130000 | 0.066 | 0.584 | 2000000 |   0.0192 | 42216922 |     447
   6140000 | 0.066 | 0.584 | 2000000 |   0.0190 | 42285798 |     448
   6150000 | 0.066 | 0.584 | 2000000 |   0.0190 | 42354663 |     451
   6160000 | 0.065 | 0.585 | 2000000 |   0.0192 | 42423519 |     454
   6170000 | 0.065 | 0.585 | 2000000 |   0.0192 | 42492388 |     444
   6180000 | 0.065 | 0.585 | 2000000 |   0.0193 | 42561245 |     447
   6190000 | 0.064 | 0.586 | 2000000 |   0.0191 | 42630122 |     441
   6200000 | 0.064 | 0.586 | 2000000 |   0.0190 | 42698998 |     447
   6210000 | 0.064 | 0.586 | 2000000 |   0.0189 | 42767873 |     441
   6220000 | 0.063 | 0.587 | 2000000 |   0.0190 | 42836750 |     448
   6230000 | 0.063 | 0.587 | 2000000 |   0.0189 | 42905610 |     449
   6240000 | 0.063 | 0.587 | 2000000 |   0.0188 | 42974493 |     445
   6250000 | 0.063 | 0.587 | 2000000 |   0.0188 | 43043367 |     449
   6260000 | 0.062 | 0.588 | 2000000 |   0.0190 | 43112239 |     455
   6270000 | 0.062 | 0.588 | 2000000 |   0.0187 | 43181088 |     463
   6280000 | 0.062 | 0.588 | 2000000 |   0.0188 | 43249963 |     463
   6290000 | 0.061 | 0.589 | 2000000 |   0.0186 | 43318832 |     454
   6300000 | 0.061 | 0.589 | 2000000 |   0.0183 | 43387701 |     454
   6310000 | 0.061 | 0.589 | 2000000 |   0.0186 | 43456576 |     446
   6320000 | 0.060 | 0.590 | 2000000 |   0.0185 | 43525432 |     455
   6330000 | 0.060 | 0.590 | 2000000 |   0.0185 | 43594309 |     451
   6340000 | 0.060 | 0.590 | 2000000 |   0.0185 | 43663184 |     449
   6350000 | 0.060 | 0.590 | 2000000 |   0.0187 | 43732056 |     448
   6360000 | 0.059 | 0.591 | 2000000 |   0.0185 | 43800917 |     441
   6370000 | 0.059 | 0.591 | 2000000 |   0.0186 | 43869801 |     436
   6380000 | 0.059 | 0.591 | 2000000 |   0.0184 | 43938664 |     448
   6390000 | 0.058 | 0.592 | 2000000 |   0.0185 | 44007521 |     453
   6400000 | 0.058 | 0.592 | 2000000 |   0.0182 | 44076413 |     454
   6410000 | 0.058 | 0.592 | 2000000 |   0.0182 | 44145275 |     454
   6420000 | 0.057 | 0.593 | 2000000 |   0.0184 | 44214155 |     457
   6430000 | 0.057 | 0.593 | 2000000 |   0.0183 | 44283026 |     457
   6440000 | 0.057 | 0.593 | 2000000 |   0.0183 | 44351899 |     460
   6450000 | 0.057 | 0.593 | 2000000 |   0.0183 | 44420752 |     440
   6460000 | 0.056 | 0.594 | 2000000 |   0.0183 | 44489626 |     457
   6470000 | 0.056 | 0.594 | 2000000 |   0.0183 | 44558510 |     461
   6480000 | 0.056 | 0.594 | 2000000 |   0.0183 | 44627388 |     457
   6490000 | 0.055 | 0.595 | 2000000 |   0.0181 | 44696253 |     458
   6500000 | 0.055 | 0.595 | 2000000 |   0.0181 | 44765104 |     445
  [SAVE] models/dmc_6500000.safetensors
   6510000 | 0.055 | 0.595 | 2000000 |   0.0182 | 44833986 |     437
   6520000 | 0.054 | 0.596 | 2000000 |   0.0183 | 44902857 |     446
   6530000 | 0.054 | 0.596 | 2000000 |   0.0182 | 44971738 |     451
   6540000 | 0.054 | 0.596 | 2000000 |   0.0183 | 45040605 |     447
   6550000 | 0.054 | 0.596 | 2000000 |   0.0180 | 45109471 |     445
   6560000 | 0.053 | 0.597 | 2000000 |   0.0181 | 45178336 |     444
   6570000 | 0.053 | 0.597 | 2000000 |   0.0183 | 45247202 |     448
   6580000 | 0.053 | 0.597 | 2000000 |   0.0179 | 45316087 |     447
   6590000 | 0.052 | 0.598 | 2000000 |   0.0181 | 45384960 |     446
   6600000 | 0.052 | 0.598 | 2000000 |   0.0181 | 45453814 |     443
   6610000 | 0.052 | 0.598 | 2000000 |   0.0180 | 45522701 |     451
   6620000 | 0.051 | 0.599 | 2000000 |   0.0179 | 45591561 |     449
   6630000 | 0.051 | 0.599 | 2000000 |   0.0180 | 45660426 |     448
   6640000 | 0.051 | 0.599 | 2000000 |   0.0181 | 45729297 |     438
   6650000 | 0.051 | 0.599 | 2000000 |   0.0179 | 45798166 |     449
   6660000 | 0.050 | 0.600 | 2000000 |   0.0180 | 45867009 |     450
   6670000 | 0.050 | 0.600 | 2000000 |   0.0179 | 45935890 |     439
   6680000 | 0.050 | 0.600 | 2000000 |   0.0176 | 46004745 |     439
   6690000 | 0.049 | 0.601 | 2000000 |   0.0178 | 46073619 |     452
   6700000 | 0.049 | 0.601 | 2000000 |   0.0178 | 46142499 |     453
   6710000 | 0.049 | 0.601 | 2000000 |   0.0178 | 46211352 |     450
   6720000 | 0.048 | 0.602 | 2000000 |   0.0176 | 46280223 |     445
   6730000 | 0.048 | 0.602 | 2000000 |   0.0176 | 46349099 |     455
   6740000 | 0.048 | 0.602 | 2000000 |   0.0176 | 46417967 |     453
   6750000 | 0.048 | 0.602 | 2000000 |   0.0177 | 46486850 |     454
   6760000 | 0.047 | 0.603 | 2000000 |   0.0175 | 46555711 |     456
   6770000 | 0.047 | 0.603 | 2000000 |   0.0179 | 46624578 |     459
   6780000 | 0.047 | 0.603 | 2000000 |   0.0177 | 46693461 |     457
   6790000 | 0.046 | 0.604 | 2000000 |   0.0176 | 46762321 |     441
   6800000 | 0.046 | 0.604 | 2000000 |   0.0177 | 46831191 |     440
   6810000 | 0.046 | 0.604 | 2000000 |   0.0173 | 46900065 |     423
   6820000 | 0.045 | 0.605 | 2000000 |   0.0174 | 46968941 |     429
   6830000 | 0.045 | 0.605 | 2000000 |   0.0176 | 47037802 |     417
   6840000 | 0.045 | 0.605 | 2000000 |   0.0174 | 47106673 |     424
   6850000 | 0.045 | 0.605 | 2000000 |   0.0171 | 47175541 |     418
   6860000 | 0.044 | 0.606 | 2000000 |   0.0174 | 47244422 |     430
   6870000 | 0.044 | 0.606 | 2000000 |   0.0177 | 47313277 |     423
   6880000 | 0.044 | 0.606 | 2000000 |   0.0175 | 47382146 |     430
   6890000 | 0.043 | 0.607 | 2000000 |   0.0173 | 47451021 |     428
   6900000 | 0.043 | 0.607 | 2000000 |   0.0174 | 47519883 |     422
   6910000 | 0.043 | 0.607 | 2000000 |   0.0173 | 47588753 |     400
   6920000 | 0.042 | 0.608 | 2000000 |   0.0172 | 47657622 |     393
   6930000 | 0.042 | 0.608 | 2000000 |   0.0171 | 47726507 |     387
   6940000 | 0.042 | 0.608 | 2000000 |   0.0171 | 47795378 |     384
   6950000 | 0.042 | 0.608 | 2000000 |   0.0172 | 47864242 |     386
   6960000 | 0.041 | 0.609 | 2000000 |   0.0173 | 47933124 |     395
   6970000 | 0.041 | 0.609 | 2000000 |   0.0172 | 48002000 |     396
   6980000 | 0.041 | 0.609 | 2000000 |   0.0174 | 48070873 |     391
   6990000 | 0.040 | 0.610 | 2000000 |   0.0173 | 48139736 |     380
   7000000 | 0.040 | 0.610 | 2000000 |   0.0172 | 48208609 |     376
  [EVAL] deals 68% | rand 95% (18s)
  [SAVE] models/dmc_7000000.safetensors
   7010000 | 0.040 | 0.610 | 2000000 |   0.0169 | 48277488 |     227
   7020000 | 0.039 | 0.611 | 2000000 |   0.0171 | 48346360 |     374
   7030000 | 0.039 | 0.611 | 2000000 |   0.0170 | 48415233 |     377
   7040000 | 0.039 | 0.611 | 2000000 |   0.0172 | 48484102 |     384
   7050000 | 0.039 | 0.611 | 2000000 |   0.0170 | 48552951 |     384
   7060000 | 0.038 | 0.612 | 2000000 |   0.0168 | 48621836 |     382
   7070000 | 0.038 | 0.612 | 2000000 |   0.0169 | 48690717 |     383
   7080000 | 0.038 | 0.612 | 2000000 |   0.0168 | 48759586 |     369
   7090000 | 0.037 | 0.613 | 2000000 |   0.0169 | 48828456 |     446
   7100000 | 0.037 | 0.613 | 2000000 |   0.0169 | 48897337 |     453
   7110000 | 0.037 | 0.613 | 2000000 |   0.0168 | 48966200 |     450
   7120000 | 0.036 | 0.614 | 2000000 |   0.0170 | 49035073 |     465
   7130000 | 0.036 | 0.614 | 2000000 |   0.0167 | 49103961 |     464
   7140000 | 0.036 | 0.614 | 2000000 |   0.0169 | 49172837 |     445
   7150000 | 0.036 | 0.614 | 2000000 |   0.0168 | 49241705 |     462
   7160000 | 0.035 | 0.615 | 2000000 |   0.0169 | 49310556 |     465
   7170000 | 0.035 | 0.615 | 2000000 |   0.0170 | 49379409 |     461
   7180000 | 0.035 | 0.615 | 2000000 |   0.0168 | 49448278 |     461
   7190000 | 0.034 | 0.616 | 2000000 |   0.0169 | 49517148 |     456
   7200000 | 0.034 | 0.616 | 2000000 |   0.0169 | 49586020 |     460
   7210000 | 0.034 | 0.616 | 2000000 |   0.0167 | 49654889 |     445
   7220000 | 0.033 | 0.617 | 2000000 |   0.0167 | 49723755 |     448
   7230000 | 0.033 | 0.617 | 2000000 |   0.0168 | 49792618 |     449
   7240000 | 0.033 | 0.617 | 2000000 |   0.0167 | 49861488 |     451
   7250000 | 0.033 | 0.617 | 2000000 |   0.0167 | 49930379 |     439
   7260000 | 0.032 | 0.618 | 2000000 |   0.0167 | 49999226 |     440
   7270000 | 0.032 | 0.618 | 2000000 |   0.0166 | 50068121 |     453
   7280000 | 0.032 | 0.618 | 2000000 |   0.0165 | 50136971 |     455
   7290000 | 0.031 | 0.619 | 2000000 |   0.0165 | 50205858 |     447
   7300000 | 0.031 | 0.619 | 2000000 |   0.0165 | 50274712 |     434
   7310000 | 0.031 | 0.619 | 2000000 |   0.0164 | 50343567 |     456
   7320000 | 0.030 | 0.620 | 2000000 |   0.0165 | 50412440 |     451
   7330000 | 0.030 | 0.620 | 2000000 |   0.0164 | 50481317 |     451
   7340000 | 0.030 | 0.620 | 2000000 |   0.0164 | 50550175 |     454
   7350000 | 0.030 | 0.620 | 2000000 |   0.0165 | 50619048 |     436
   7360000 | 0.029 | 0.621 | 2000000 |   0.0165 | 50687921 |     436
   7370000 | 0.029 | 0.621 | 2000000 |   0.0165 | 50756789 |     427
   7380000 | 0.029 | 0.621 | 2000000 |   0.0164 | 50825650 |     420
   7390000 | 0.028 | 0.622 | 2000000 |   0.0163 | 50894525 |     430
   7400000 | 0.028 | 0.622 | 2000000 |   0.0164 | 50963378 |     417
   7410000 | 0.028 | 0.622 | 2000000 |   0.0164 | 51032239 |     459
   7420000 | 0.027 | 0.623 | 2000000 |   0.0162 | 51101102 |     461
   7430000 | 0.027 | 0.623 | 2000000 |   0.0162 | 51169974 |     458
   7440000 | 0.027 | 0.623 | 2000000 |   0.0161 | 51238836 |     462
   7450000 | 0.027 | 0.623 | 2000000 |   0.0163 | 51307713 |     463
   7460000 | 0.026 | 0.624 | 2000000 |   0.0162 | 51376583 |     464
   7470000 | 0.026 | 0.624 | 2000000 |   0.0161 | 51445463 |     461
   7480000 | 0.026 | 0.624 | 2000000 |   0.0162 | 51514327 |     461
   7490000 | 0.025 | 0.625 | 2000000 |   0.0162 | 51583209 |     461
   7500000 | 0.025 | 0.625 | 2000000 |   0.0163 | 51652091 |     464
  [SAVE] models/dmc_7500000.safetensors
   7510000 | 0.025 | 0.625 | 2000000 |   0.0163 | 51720970 |     453
   7520000 | 0.024 | 0.626 | 2000000 |   0.0160 | 51789830 |     458
   7530000 | 0.024 | 0.626 | 2000000 |   0.0161 | 51858710 |     454
   7540000 | 0.024 | 0.626 | 2000000 |   0.0159 | 51927573 |     444
   7550000 | 0.024 | 0.626 | 2000000 |   0.0159 | 51996426 |     457
   7560000 | 0.023 | 0.627 | 2000000 |   0.0161 | 52065297 |     467
   7570000 | 0.023 | 0.627 | 2000000 |   0.0161 | 52134172 |     466
   7580000 | 0.023 | 0.627 | 2000000 |   0.0159 | 52203035 |     460
   7590000 | 0.022 | 0.628 | 2000000 |   0.0161 | 52271904 |     463
   7600000 | 0.022 | 0.628 | 2000000 |   0.0160 | 52340770 |     457
   7610000 | 0.022 | 0.628 | 2000000 |   0.0161 | 52409673 |     459
   7620000 | 0.021 | 0.629 | 2000000 |   0.0158 | 52478527 |     458
   7630000 | 0.021 | 0.629 | 2000000 |   0.0158 | 52547407 |     453
   7640000 | 0.021 | 0.629 | 2000000 |   0.0158 | 52616273 |     462
   7650000 | 0.021 | 0.629 | 2000000 |   0.0159 | 52685149 |     458
   7660000 | 0.020 | 0.630 | 2000000 |   0.0159 | 52754028 |     453
   7670000 | 0.020 | 0.630 | 2000000 |   0.0159 | 52822890 |     457
   7680000 | 0.020 | 0.630 | 2000000 |   0.0157 | 52891740 |     453
   7690000 | 0.019 | 0.631 | 2000000 |   0.0157 | 52960611 |     462
   7700000 | 0.019 | 0.631 | 2000000 |   0.0157 | 53029462 |     456
   7710000 | 0.019 | 0.631 | 2000000 |   0.0157 | 53098327 |     453
   7720000 | 0.018 | 0.632 | 2000000 |   0.0158 | 53167195 |     465
   7730000 | 0.018 | 0.632 | 2000000 |   0.0157 | 53236067 |     457
   7740000 | 0.018 | 0.632 | 2000000 |   0.0158 | 53304935 |     459
   7750000 | 0.018 | 0.632 | 2000000 |   0.0157 | 53373818 |     452
   7760000 | 0.017 | 0.633 | 2000000 |   0.0157 | 53442678 |     448
   7770000 | 0.017 | 0.633 | 2000000 |   0.0157 | 53511552 |     461
   7780000 | 0.017 | 0.633 | 2000000 |   0.0156 | 53580439 |     461
   7790000 | 0.016 | 0.634 | 2000000 |   0.0154 | 53649327 |     443
   7800000 | 0.016 | 0.634 | 2000000 |   0.0153 | 53718201 |     449
   7810000 | 0.016 | 0.634 | 2000000 |   0.0154 | 53787070 |     456
   7820000 | 0.015 | 0.635 | 2000000 |   0.0154 | 53855934 |     460
   7830000 | 0.015 | 0.635 | 2000000 |   0.0155 | 53924792 |     451
   7840000 | 0.015 | 0.635 | 2000000 |   0.0155 | 53993658 |     452
   7850000 | 0.015 | 0.635 | 2000000 |   0.0153 | 54062534 |     448
   7860000 | 0.014 | 0.636 | 2000000 |   0.0151 | 54131431 |     455
   7870000 | 0.014 | 0.636 | 2000000 |   0.0153 | 54200296 |     437
   7880000 | 0.014 | 0.636 | 2000000 |   0.0154 | 54269161 |     450
   7890000 | 0.013 | 0.637 | 2000000 |   0.0152 | 54338028 |     451
   7900000 | 0.013 | 0.637 | 2000000 |   0.0151 | 54406908 |     454
   7910000 | 0.013 | 0.637 | 2000000 |   0.0151 | 54475763 |     452
   7920000 | 0.012 | 0.638 | 2000000 |   0.0152 | 54544641 |     457
   7930000 | 0.012 | 0.638 | 2000000 |   0.0152 | 54613516 |     460
   7940000 | 0.012 | 0.638 | 2000000 |   0.0151 | 54682377 |     458
   7950000 | 0.012 | 0.638 | 2000000 |   0.0151 | 54751238 |     459
   7960000 | 0.011 | 0.639 | 2000000 |   0.0151 | 54820122 |     463
   7970000 | 0.011 | 0.639 | 2000000 |   0.0151 | 54888988 |     463
   7980000 | 0.011 | 0.639 | 2000000 |   0.0153 | 54957857 |     460
   7990000 | 0.010 | 0.640 | 2000000 |   0.0149 | 55026730 |     458
   8000000 | 0.010 | 0.640 | 2000000 |   0.0150 | 55095614 |     464
  [EVAL] deals 74% | rand 93% (18s)
  [SAVE] models/dmc_8000000.safetensors
   8010000 | 0.010 | 0.640 | 2000000 |   0.0149 | 55164487 |     244
   8020000 | 0.010 | 0.641 | 2000000 |   0.0151 | 55233362 |     461
   8030000 | 0.010 | 0.641 | 2000000 |   0.0150 | 55302241 |     464
   8040000 | 0.010 | 0.641 | 2000000 |   0.0149 | 55371121 |     457
   8050000 | 0.010 | 0.641 | 2000000 |   0.0150 | 55439990 |     464
   8060000 | 0.010 | 0.642 | 2000000 |   0.0151 | 55508854 |     462
   8070000 | 0.010 | 0.642 | 2000000 |   0.0150 | 55577761 |     461
   8080000 | 0.010 | 0.642 | 2000000 |   0.0148 | 55646629 |     455
   8090000 | 0.010 | 0.643 | 2000000 |   0.0149 | 55715474 |     463
   8100000 | 0.010 | 0.643 | 2000000 |   0.0149 | 55784368 |     464
   8110000 | 0.010 | 0.643 | 2000000 |   0.0150 | 55853227 |     459
   8120000 | 0.010 | 0.644 | 2000000 |   0.0147 | 55922091 |     460
   8130000 | 0.010 | 0.644 | 2000000 |   0.0147 | 55990961 |     466
   8140000 | 0.010 | 0.644 | 2000000 |   0.0149 | 56059817 |     462
   8150000 | 0.010 | 0.644 | 2000000 |   0.0149 | 56128697 |     452
   8160000 | 0.010 | 0.645 | 2000000 |   0.0150 | 56197574 |     457
   8170000 | 0.010 | 0.645 | 2000000 |   0.0148 | 56266461 |     454
   8180000 | 0.010 | 0.645 | 2000000 |   0.0147 | 56335316 |     465
   8190000 | 0.010 | 0.646 | 2000000 |   0.0148 | 56404188 |     462
   8200000 | 0.010 | 0.646 | 2000000 |   0.0147 | 56473039 |     464
   8210000 | 0.010 | 0.646 | 2000000 |   0.0149 | 56541923 |     459
   8220000 | 0.010 | 0.647 | 2000000 |   0.0148 | 56610795 |     465
   8230000 | 0.010 | 0.647 | 2000000 |   0.0147 | 56679667 |     462
   8240000 | 0.010 | 0.647 | 2000000 |   0.0147 | 56748531 |     462
   8250000 | 0.010 | 0.647 | 2000000 |   0.0146 | 56817432 |     467
   8260000 | 0.010 | 0.648 | 2000000 |   0.0149 | 56886313 |     462
   8270000 | 0.010 | 0.648 | 2000000 |   0.0147 | 56955201 |     464
   8280000 | 0.010 | 0.648 | 2000000 |   0.0147 | 57024072 |     457
   8290000 | 0.010 | 0.649 | 2000000 |   0.0147 | 57092948 |     444
   8300000 | 0.010 | 0.649 | 2000000 |   0.0146 | 57161816 |     438
   8310000 | 0.010 | 0.649 | 2000000 |   0.0145 | 57230670 |     456
   8320000 | 0.010 | 0.650 | 2000000 |   0.0145 | 57299546 |     465
   8330000 | 0.010 | 0.650 | 2000000 |   0.0145 | 57368423 |     441
   8340000 | 0.010 | 0.650 | 2000000 |   0.0145 | 57437290 |     440
   8350000 | 0.010 | 0.650 | 2000000 |   0.0145 | 57506170 |     442
   8360000 | 0.010 | 0.651 | 2000000 |   0.0144 | 57575038 |     441
   8370000 | 0.010 | 0.651 | 2000000 |   0.0144 | 57643915 |     429
   8380000 | 0.010 | 0.651 | 2000000 |   0.0146 | 57712786 |     404
   8390000 | 0.010 | 0.652 | 2000000 |   0.0147 | 57781656 |     367
   8400000 | 0.010 | 0.652 | 2000000 |   0.0146 | 57850507 |     379
   8410000 | 0.010 | 0.652 | 2000000 |   0.0144 | 57919389 |     382
   8420000 | 0.010 | 0.653 | 2000000 |   0.0143 | 57988233 |     376
   8430000 | 0.010 | 0.653 | 2000000 |   0.0144 | 58057111 |     387
   8440000 | 0.010 | 0.653 | 2000000 |   0.0144 | 58125977 |     392
   8450000 | 0.010 | 0.653 | 2000000 |   0.0144 | 58194849 |     398
   8460000 | 0.010 | 0.654 | 2000000 |   0.0145 | 58263712 |     386
   8470000 | 0.010 | 0.654 | 2000000 |   0.0144 | 58332577 |     381
   8480000 | 0.010 | 0.654 | 2000000 |   0.0144 | 58401452 |     387
   8490000 | 0.010 | 0.655 | 2000000 |   0.0142 | 58470326 |     386
   8500000 | 0.010 | 0.655 | 2000000 |   0.0143 | 58539183 |     374
  [SAVE] models/dmc_8500000.safetensors
   8510000 | 0.010 | 0.655 | 2000000 |   0.0142 | 58608062 |     374
   8520000 | 0.010 | 0.656 | 2000000 |   0.0143 | 58676943 |     385
   8530000 | 0.010 | 0.656 | 2000000 |   0.0143 | 58745805 |     373
   8540000 | 0.010 | 0.656 | 2000000 |   0.0142 | 58814672 |     379
   8550000 | 0.010 | 0.656 | 2000000 |   0.0142 | 58883538 |     389
   8560000 | 0.010 | 0.657 | 2000000 |   0.0141 | 58952404 |     378
   8570000 | 0.010 | 0.657 | 2000000 |   0.0142 | 59021285 |     402
   8580000 | 0.010 | 0.657 | 2000000 |   0.0141 | 59090153 |     464
   8590000 | 0.010 | 0.658 | 2000000 |   0.0142 | 59159013 |     466
   8600000 | 0.010 | 0.658 | 2000000 |   0.0140 | 59227882 |     464
   8610000 | 0.010 | 0.658 | 2000000 |   0.0143 | 59296756 |     457
   8620000 | 0.010 | 0.659 | 2000000 |   0.0139 | 59365636 |     461
   8630000 | 0.010 | 0.659 | 2000000 |   0.0140 | 59434499 |     464
   8640000 | 0.010 | 0.659 | 2000000 |   0.0141 | 59503364 |     465
   8650000 | 0.010 | 0.659 | 2000000 |   0.0139 | 59572229 |     467
   8660000 | 0.010 | 0.660 | 2000000 |   0.0140 | 59641085 |     462
   8670000 | 0.010 | 0.660 | 2000000 |   0.0140 | 59709954 |     464
   8680000 | 0.010 | 0.660 | 2000000 |   0.0141 | 59778824 |     469
   8690000 | 0.010 | 0.661 | 2000000 |   0.0140 | 59847704 |     458
   8700000 | 0.010 | 0.661 | 2000000 |   0.0137 | 59916576 |     465
   8710000 | 0.010 | 0.661 | 2000000 |   0.0138 | 59985435 |     454
   8720000 | 0.010 | 0.662 | 2000000 |   0.0137 | 60054308 |     414
   8730000 | 0.010 | 0.662 | 2000000 |   0.0138 | 60123181 |     469
   8740000 | 0.010 | 0.662 | 2000000 |   0.0138 | 60192058 |     469
   8750000 | 0.010 | 0.662 | 2000000 |   0.0138 | 60260917 |     471
   8760000 | 0.010 | 0.663 | 2000000 |   0.0138 | 60329788 |     467
   8770000 | 0.010 | 0.663 | 2000000 |   0.0138 | 60398659 |     464
   8780000 | 0.010 | 0.663 | 2000000 |   0.0137 | 60467529 |     463
   8790000 | 0.010 | 0.664 | 2000000 |   0.0136 | 60536405 |     460
   8800000 | 0.010 | 0.664 | 2000000 |   0.0140 | 60605263 |     459
   8810000 | 0.010 | 0.664 | 2000000 |   0.0136 | 60674130 |     462
   8820000 | 0.010 | 0.665 | 2000000 |   0.0134 | 60743009 |     468
   8830000 | 0.010 | 0.665 | 2000000 |   0.0136 | 60811883 |     451
   8840000 | 0.010 | 0.665 | 2000000 |   0.0138 | 60880744 |     440
   8850000 | 0.010 | 0.665 | 2000000 |   0.0136 | 60949611 |     455
   8860000 | 0.010 | 0.666 | 2000000 |   0.0136 | 61018471 |     453
   8870000 | 0.010 | 0.666 | 2000000 |   0.0137 | 61087360 |     456
   8880000 | 0.010 | 0.666 | 2000000 |   0.0138 | 61156208 |     455
   8890000 | 0.010 | 0.667 | 2000000 |   0.0136 | 61225108 |     453
   8900000 | 0.010 | 0.667 | 2000000 |   0.0136 | 61293981 |     444
   8910000 | 0.010 | 0.667 | 2000000 |   0.0136 | 61362873 |     456
   8920000 | 0.010 | 0.668 | 2000000 |   0.0133 | 61431732 |     456
   8930000 | 0.010 | 0.668 | 2000000 |   0.0136 | 61500581 |     459
   8940000 | 0.010 | 0.668 | 2000000 |   0.0135 | 61569450 |     460
   8950000 | 0.010 | 0.668 | 2000000 |   0.0133 | 61638315 |     459
   8960000 | 0.010 | 0.669 | 2000000 |   0.0132 | 61707199 |     455
   8970000 | 0.010 | 0.669 | 2000000 |   0.0135 | 61776089 |     459
   8980000 | 0.010 | 0.669 | 2000000 |   0.0135 | 61844947 |     461
   8990000 | 0.010 | 0.670 | 2000000 |   0.0132 | 61913815 |     467
   9000000 | 0.010 | 0.670 | 2000000 |   0.0135 | 61982693 |     469
  [EVAL] deals 68% | rand 96% (19s)
  [SAVE] models/dmc_9000000.safetensors
   9010000 | 0.010 | 0.670 | 2000000 |   0.0134 | 62051553 |     248
   9020000 | 0.010 | 0.671 | 2000000 |   0.0133 | 62120422 |     461
   9030000 | 0.010 | 0.671 | 2000000 |   0.0133 | 62189300 |     468
   9040000 | 0.010 | 0.671 | 2000000 |   0.0132 | 62258166 |     463
   9050000 | 0.010 | 0.671 | 2000000 |   0.0133 | 62327043 |     453
   9060000 | 0.010 | 0.672 | 2000000 |   0.0133 | 62395906 |     436
   9070000 | 0.010 | 0.672 | 2000000 |   0.0135 | 62464767 |     457
   9080000 | 0.010 | 0.672 | 2000000 |   0.0133 | 62533646 |     456
   9090000 | 0.010 | 0.673 | 2000000 |   0.0131 | 62602498 |     463
   9100000 | 0.010 | 0.673 | 2000000 |   0.0132 | 62671370 |     447
   9110000 | 0.010 | 0.673 | 2000000 |   0.0134 | 62740245 |     446
   9120000 | 0.010 | 0.674 | 2000000 |   0.0132 | 62809117 |     431
   9130000 | 0.010 | 0.674 | 2000000 |   0.0133 | 62878001 |     443
   9140000 | 0.010 | 0.674 | 2000000 |   0.0134 | 62946864 |     466
   9150000 | 0.010 | 0.674 | 2000000 |   0.0132 | 63015749 |     463
   9160000 | 0.010 | 0.675 | 2000000 |   0.0130 | 63084619 |     454
   9170000 | 0.010 | 0.675 | 2000000 |   0.0129 | 63153499 |     447
   9180000 | 0.010 | 0.675 | 2000000 |   0.0132 | 63222365 |     444
   9190000 | 0.010 | 0.676 | 2000000 |   0.0133 | 63291256 |     448
   9200000 | 0.010 | 0.676 | 2000000 |   0.0132 | 63360111 |     455
   9210000 | 0.010 | 0.676 | 2000000 |   0.0131 | 63428986 |     461
   9220000 | 0.010 | 0.677 | 2000000 |   0.0130 | 63497862 |     459
   9230000 | 0.010 | 0.677 | 2000000 |   0.0129 | 63566725 |     385
   9240000 | 0.010 | 0.677 | 2000000 |   0.0131 | 63635601 |     383
   9250000 | 0.010 | 0.677 | 2000000 |   0.0131 | 63704461 |     385
   9260000 | 0.010 | 0.678 | 2000000 |   0.0131 | 63773326 |     390
   9270000 | 0.010 | 0.678 | 2000000 |   0.0130 | 63842189 |     386
   9280000 | 0.010 | 0.678 | 2000000 |   0.0130 | 63911079 |     384
   9290000 | 0.010 | 0.679 | 2000000 |   0.0129 | 63979952 |     377
   9300000 | 0.010 | 0.679 | 2000000 |   0.0130 | 64048818 |     379
   9310000 | 0.010 | 0.679 | 2000000 |   0.0130 | 64117694 |     383
   9320000 | 0.010 | 0.680 | 2000000 |   0.0129 | 64186564 |     389
   9330000 | 0.010 | 0.680 | 2000000 |   0.0130 | 64255447 |     383
   9340000 | 0.010 | 0.680 | 2000000 |   0.0130 | 64324310 |     371
   9350000 | 0.010 | 0.680 | 2000000 |   0.0129 | 64393179 |     389
   9360000 | 0.010 | 0.681 | 2000000 |   0.0128 | 64462053 |     381
   9370000 | 0.010 | 0.681 | 2000000 |   0.0128 | 64530910 |     382
   9380000 | 0.010 | 0.681 | 2000000 |   0.0128 | 64599784 |     388
   9390000 | 0.010 | 0.682 | 2000000 |   0.0126 | 64668666 |     394
   9400000 | 0.010 | 0.682 | 2000000 |   0.0128 | 64737536 |     384
   9410000 | 0.010 | 0.682 | 2000000 |   0.0128 | 64806407 |     382
   9420000 | 0.010 | 0.683 | 2000000 |   0.0127 | 64875255 |     382
   9430000 | 0.010 | 0.683 | 2000000 |   0.0127 | 64944119 |     390
   9440000 | 0.010 | 0.683 | 2000000 |   0.0128 | 65012994 |     386
   9450000 | 0.010 | 0.683 | 2000000 |   0.0126 | 65081864 |     389
   9460000 | 0.010 | 0.684 | 2000000 |   0.0127 | 65150729 |     390
   9470000 | 0.010 | 0.684 | 2000000 |   0.0127 | 65219586 |     388
   9480000 | 0.010 | 0.684 | 2000000 |   0.0127 | 65288460 |     386
   9490000 | 0.010 | 0.685 | 2000000 |   0.0126 | 65357319 |     390
   9500000 | 0.010 | 0.685 | 2000000 |   0.0125 | 65426195 |     396
  [SAVE] models/dmc_9500000.safetensors
   9510000 | 0.010 | 0.685 | 2000000 |   0.0125 | 65495097 |     391
   9520000 | 0.010 | 0.686 | 2000000 |   0.0125 | 65563977 |     387
   9530000 | 0.010 | 0.686 | 2000000 |   0.0125 | 65632866 |     386
   9540000 | 0.010 | 0.686 | 2000000 |   0.0126 | 65701722 |     414
   9550000 | 0.010 | 0.686 | 2000000 |   0.0126 | 65770595 |     433
   9560000 | 0.010 | 0.687 | 2000000 |   0.0124 | 65839462 |     456
   9570000 | 0.010 | 0.687 | 2000000 |   0.0126 | 65908329 |     448
   9580000 | 0.010 | 0.687 | 2000000 |   0.0125 | 65977188 |     442
   9590000 | 0.010 | 0.688 | 2000000 |   0.0125 | 66046075 |     441
   9600000 | 0.010 | 0.688 | 2000000 |   0.0123 | 66114942 |     437
   9610000 | 0.010 | 0.688 | 2000000 |   0.0124 | 66183817 |     446
   9620000 | 0.010 | 0.689 | 2000000 |   0.0124 | 66252673 |     440
   9630000 | 0.010 | 0.689 | 2000000 |   0.0123 | 66321530 |     451
   9640000 | 0.010 | 0.689 | 2000000 |   0.0124 | 66390387 |     439
   9650000 | 0.010 | 0.689 | 2000000 |   0.0123 | 66459243 |     434
   9660000 | 0.010 | 0.690 | 2000000 |   0.0123 | 66528120 |     450
   9670000 | 0.010 | 0.690 | 2000000 |   0.0123 | 66596983 |     446
   9680000 | 0.010 | 0.690 | 2000000 |   0.0125 | 66665866 |     440
   9690000 | 0.010 | 0.691 | 2000000 |   0.0123 | 66734745 |     446
   9700000 | 0.010 | 0.691 | 2000000 |   0.0125 | 66803606 |     443
   9710000 | 0.010 | 0.691 | 2000000 |   0.0124 | 66872495 |     436
   9720000 | 0.010 | 0.692 | 2000000 |   0.0123 | 66941365 |     441
   9730000 | 0.010 | 0.692 | 2000000 |   0.0124 | 67010236 |     434
   9740000 | 0.010 | 0.692 | 2000000 |   0.0123 | 67079116 |     440
   9750000 | 0.010 | 0.692 | 2000000 |   0.0124 | 67147979 |     429
   9760000 | 0.010 | 0.693 | 2000000 |   0.0122 | 67216843 |     432
   9770000 | 0.010 | 0.693 | 2000000 |   0.0122 | 67285698 |     440
   9780000 | 0.010 | 0.693 | 2000000 |   0.0123 | 67354559 |     438
   9790000 | 0.010 | 0.694 | 2000000 |   0.0122 | 67423438 |     436
   9800000 | 0.010 | 0.694 | 2000000 |   0.0121 | 67492311 |     440
   9810000 | 0.010 | 0.694 | 2000000 |   0.0121 | 67561177 |     444
   9820000 | 0.010 | 0.695 | 2000000 |   0.0122 | 67630046 |     434
   9830000 | 0.010 | 0.695 | 2000000 |   0.0122 | 67698919 |     431
   9840000 | 0.010 | 0.695 | 2000000 |   0.0123 | 67767783 |     444
   9850000 | 0.010 | 0.695 | 2000000 |   0.0121 | 67836647 |     444
   9860000 | 0.010 | 0.696 | 2000000 |   0.0121 | 67905532 |     444
   9870000 | 0.010 | 0.696 | 2000000 |   0.0121 | 67974388 |     443
   9880000 | 0.010 | 0.696 | 2000000 |   0.0123 | 68043256 |     437
   9890000 | 0.010 | 0.697 | 2000000 |   0.0121 | 68112134 |     439
   9900000 | 0.010 | 0.697 | 2000000 |   0.0122 | 68181010 |     438
   9910000 | 0.010 | 0.697 | 2000000 |   0.0123 | 68249875 |     435
   9920000 | 0.010 | 0.698 | 2000000 |   0.0123 | 68318748 |     437
   9930000 | 0.010 | 0.698 | 2000000 |   0.0123 | 68387601 |     440
   9940000 | 0.010 | 0.698 | 2000000 |   0.0120 | 68456469 |     439
   9950000 | 0.010 | 0.698 | 2000000 |   0.0121 | 68525343 |     443
   9960000 | 0.010 | 0.699 | 2000000 |   0.0119 | 68594206 |     441
   9970000 | 0.010 | 0.699 | 2000000 |   0.0120 | 68663092 |     441
   9980000 | 0.010 | 0.699 | 2000000 |   0.0121 | 68731949 |     442
   9990000 | 0.010 | 0.700 | 2000000 |   0.0119 | 68800825 |     444
  10000000 | 0.010 | 0.700 | 2000000 |   0.0119 | 68869683 |     442
  [EVAL] deals 68% | rand 93% (19s)
  [SAVE] models/dmc_10000000.safetensors
  10010000 | 0.010 | 0.700 | 2000000 |   0.0122 | 68938562 |     234
  10020000 | 0.010 | 0.701 | 2000000 |   0.0120 | 69007450 |     438
  10030000 | 0.010 | 0.701 | 2000000 |   0.0119 | 69076324 |     435
  10040000 | 0.010 | 0.701 | 2000000 |   0.0120 | 69145184 |     430
  10050000 | 0.010 | 0.701 | 2000000 |   0.0120 | 69214051 |     434
  10060000 | 0.010 | 0.702 | 2000000 |   0.0119 | 69282921 |     434
  10070000 | 0.010 | 0.702 | 2000000 |   0.0120 | 69351781 |     442
  10080000 | 0.010 | 0.702 | 2000000 |   0.0121 | 69420647 |     443
  10090000 | 0.010 | 0.703 | 2000000 |   0.0119 | 69489516 |     448
  10100000 | 0.010 | 0.703 | 2000000 |   0.0119 | 69558379 |     449
  10110000 | 0.010 | 0.703 | 2000000 |   0.0120 | 69627260 |     450
  10120000 | 0.010 | 0.704 | 2000000 |   0.0120 | 69696136 |     452
  10130000 | 0.010 | 0.704 | 2000000 |   0.0119 | 69764996 |     447
  10140000 | 0.010 | 0.704 | 2000000 |   0.0118 | 69833862 |     442
  10150000 | 0.010 | 0.704 | 2000000 |   0.0116 | 69902730 |     445
  10160000 | 0.010 | 0.705 | 2000000 |   0.0119 | 69971607 |     443
  10170000 | 0.010 | 0.705 | 2000000 |   0.0117 | 70040464 |     437
  10180000 | 0.010 | 0.705 | 2000000 |   0.0116 | 70109343 |     443
  10190000 | 0.010 | 0.706 | 2000000 |   0.0116 | 70178206 |     439
  10200000 | 0.010 | 0.706 | 2000000 |   0.0117 | 70247079 |     440
  10210000 | 0.010 | 0.706 | 2000000 |   0.0116 | 70315924 |     437
  10220000 | 0.010 | 0.707 | 2000000 |   0.0116 | 70384792 |     439
  10230000 | 0.010 | 0.707 | 2000000 |   0.0118 | 70453660 |     441
  10240000 | 0.010 | 0.707 | 2000000 |   0.0117 | 70522515 |     441
  10250000 | 0.010 | 0.707 | 2000000 |   0.0116 | 70591379 |     443
  10260000 | 0.010 | 0.708 | 2000000 |   0.0119 | 70660237 |     446
  10270000 | 0.010 | 0.708 | 2000000 |   0.0117 | 70729095 |     448
  10280000 | 0.010 | 0.708 | 2000000 |   0.0117 | 70797981 |     448
  10290000 | 0.010 | 0.709 | 2000000 |   0.0115 | 70866836 |     448
  10300000 | 0.010 | 0.709 | 2000000 |   0.0114 | 70935702 |     444
  10310000 | 0.010 | 0.709 | 2000000 |   0.0116 | 71004564 |     442
  10320000 | 0.010 | 0.710 | 2000000 |   0.0116 | 71073448 |     443
  10330000 | 0.010 | 0.710 | 2000000 |   0.0115 | 71142321 |     444
  10340000 | 0.010 | 0.710 | 2000000 |   0.0116 | 71211189 |     446
  10350000 | 0.010 | 0.710 | 2000000 |   0.0116 | 71280052 |     440
  10360000 | 0.010 | 0.711 | 2000000 |   0.0117 | 71348932 |     433
  10370000 | 0.010 | 0.711 | 2000000 |   0.0116 | 71417792 |     439
  10380000 | 0.010 | 0.711 | 2000000 |   0.0116 | 71486662 |     438
  10390000 | 0.010 | 0.712 | 2000000 |   0.0115 | 71555540 |     437
  10400000 | 0.010 | 0.712 | 2000000 |   0.0116 | 71624425 |     439
  10410000 | 0.010 | 0.712 | 2000000 |   0.0116 | 71693299 |     444
  10420000 | 0.010 | 0.713 | 2000000 |   0.0116 | 71762180 |     440
  10430000 | 0.010 | 0.713 | 2000000 |   0.0116 | 71831028 |     436
  10440000 | 0.010 | 0.713 | 2000000 |   0.0116 | 71899898 |     440
  10450000 | 0.010 | 0.713 | 2000000 |   0.0115 | 71968766 |     442
  10460000 | 0.010 | 0.714 | 2000000 |   0.0114 | 72037630 |     443
  10470000 | 0.010 | 0.714 | 2000000 |   0.0113 | 72106498 |     442
  10480000 | 0.010 | 0.714 | 2000000 |   0.0113 | 72175368 |     446
  10490000 | 0.010 | 0.715 | 2000000 |   0.0111 | 72244236 |     446
  10500000 | 0.010 | 0.715 | 2000000 |   0.0113 | 72313106 |     435
  [SAVE] models/dmc_10500000.safetensors
  10510000 | 0.010 | 0.715 | 2000000 |   0.0113 | 72381967 |     443
  10520000 | 0.010 | 0.716 | 2000000 |   0.0113 | 72450840 |     444
  10530000 | 0.010 | 0.716 | 2000000 |   0.0113 | 72519694 |     447
  10540000 | 0.010 | 0.716 | 2000000 |   0.0112 | 72588580 |     450
  10550000 | 0.010 | 0.716 | 2000000 |   0.0112 | 72657444 |     442
  10560000 | 0.010 | 0.717 | 2000000 |   0.0112 | 72726327 |     439
  10570000 | 0.010 | 0.717 | 2000000 |   0.0112 | 72795190 |     443
  10580000 | 0.010 | 0.717 | 2000000 |   0.0112 | 72864069 |     433
  10590000 | 0.010 | 0.718 | 2000000 |   0.0111 | 72932945 |     433
  10600000 | 0.010 | 0.718 | 2000000 |   0.0112 | 73001804 |     440
  10610000 | 0.010 | 0.718 | 2000000 |   0.0111 | 73070683 |     437
  10620000 | 0.010 | 0.719 | 2000000 |   0.0110 | 73139539 |     446
  10630000 | 0.010 | 0.719 | 2000000 |   0.0112 | 73208402 |     448
  10640000 | 0.010 | 0.719 | 2000000 |   0.0110 | 73277267 |     444
  10650000 | 0.010 | 0.719 | 2000000 |   0.0111 | 73346133 |     443
  10660000 | 0.010 | 0.720 | 2000000 |   0.0111 | 73415011 |     445
  10670000 | 0.010 | 0.720 | 2000000 |   0.0112 | 73483890 |     441
  10680000 | 0.010 | 0.720 | 2000000 |   0.0110 | 73552780 |     441
  10690000 | 0.010 | 0.721 | 2000000 |   0.0109 | 73621659 |     443
  10700000 | 0.010 | 0.721 | 2000000 |   0.0109 | 73690525 |     439
  10710000 | 0.010 | 0.721 | 2000000 |   0.0111 | 73759386 |     437
  10720000 | 0.010 | 0.722 | 2000000 |   0.0109 | 73828257 |     436
  10730000 | 0.010 | 0.722 | 2000000 |   0.0111 | 73897111 |     443
  10740000 | 0.010 | 0.722 | 2000000 |   0.0110 | 73965968 |     443
  10750000 | 0.010 | 0.722 | 2000000 |   0.0111 | 74034846 |     442
  10760000 | 0.010 | 0.723 | 2000000 |   0.0110 | 74103732 |     443
  10770000 | 0.010 | 0.723 | 2000000 |   0.0111 | 74172614 |     447
  10780000 | 0.010 | 0.723 | 2000000 |   0.0109 | 74241471 |     447
  10790000 | 0.010 | 0.724 | 2000000 |   0.0110 | 74310346 |     445
  10800000 | 0.010 | 0.724 | 2000000 |   0.0109 | 74379219 |     449
  10810000 | 0.010 | 0.724 | 2000000 |   0.0110 | 74448102 |     442
  10820000 | 0.010 | 0.725 | 2000000 |   0.0109 | 74516960 |     449
  10830000 | 0.010 | 0.725 | 2000000 |   0.0108 | 74585838 |     445
  10840000 | 0.010 | 0.725 | 2000000 |   0.0110 | 74654714 |     443
  10850000 | 0.010 | 0.725 | 2000000 |   0.0109 | 74723587 |     436
  10860000 | 0.010 | 0.726 | 2000000 |   0.0109 | 74792474 |     443
  10870000 | 0.010 | 0.726 | 2000000 |   0.0107 | 74861334 |     443
  10880000 | 0.010 | 0.726 | 2000000 |   0.0107 | 74930226 |     436
  10890000 | 0.010 | 0.727 | 2000000 |   0.0107 | 74999119 |     440
  10900000 | 0.010 | 0.727 | 2000000 |   0.0108 | 75067972 |     442
  10910000 | 0.010 | 0.727 | 2000000 |   0.0108 | 75136842 |     424
  10920000 | 0.010 | 0.728 | 2000000 |   0.0106 | 75205706 |     429
  10930000 | 0.010 | 0.728 | 2000000 |   0.0106 | 75274576 |     448
  10940000 | 0.010 | 0.728 | 2000000 |   0.0106 | 75343451 |     439
  10950000 | 0.010 | 0.728 | 2000000 |   0.0106 | 75412320 |     442
  10960000 | 0.010 | 0.729 | 2000000 |   0.0107 | 75481198 |     443
  10970000 | 0.010 | 0.729 | 2000000 |   0.0107 | 75550068 |     441
  10980000 | 0.010 | 0.729 | 2000000 |   0.0105 | 75618929 |     438
  10990000 | 0.010 | 0.730 | 2000000 |   0.0108 | 75687825 |     422
  11000000 | 0.010 | 0.730 | 2000000 |   0.0107 | 75756680 |     426
  [EVAL] deals 70% | rand 96% (19s)
  [SAVE] models/dmc_11000000.safetensors
  11010000 | 0.010 | 0.730 | 2000000 |   0.0105 | 75825553 |     236
  11020000 | 0.010 | 0.731 | 2000000 |   0.0106 | 75894422 |     439
  11030000 | 0.010 | 0.731 | 2000000 |   0.0107 | 75963269 |     436
  11040000 | 0.010 | 0.731 | 2000000 |   0.0105 | 76032150 |     435
  11050000 | 0.010 | 0.731 | 2000000 |   0.0106 | 76101016 |     439
  11060000 | 0.010 | 0.732 | 2000000 |   0.0106 | 76169886 |     440
  11070000 | 0.010 | 0.732 | 2000000 |   0.0104 | 76238761 |     439
  11080000 | 0.010 | 0.732 | 2000000 |   0.0106 | 76307623 |     440
  11090000 | 0.010 | 0.733 | 2000000 |   0.0105 | 76376493 |     436
  11100000 | 0.010 | 0.733 | 2000000 |   0.0106 | 76445371 |     436
  11110000 | 0.010 | 0.733 | 2000000 |   0.0105 | 76514255 |     432
  11120000 | 0.010 | 0.734 | 2000000 |   0.0104 | 76583114 |     429
  11130000 | 0.010 | 0.734 | 2000000 |   0.0104 | 76651980 |     434
  11140000 | 0.010 | 0.734 | 2000000 |   0.0104 | 76720856 |     436
  11150000 | 0.010 | 0.734 | 2000000 |   0.0104 | 76789739 |     441
  11160000 | 0.010 | 0.735 | 2000000 |   0.0104 | 76858613 |     441
  11170000 | 0.010 | 0.735 | 2000000 |   0.0105 | 76927463 |     441
  11180000 | 0.010 | 0.735 | 2000000 |   0.0104 | 76996331 |     435
  11190000 | 0.010 | 0.736 | 2000000 |   0.0103 | 77065201 |     442
  11200000 | 0.010 | 0.736 | 2000000 |   0.0104 | 77134059 |     437
  11210000 | 0.010 | 0.736 | 2000000 |   0.0105 | 77202936 |     439
  11220000 | 0.010 | 0.737 | 2000000 |   0.0106 | 77271813 |     442
  11230000 | 0.010 | 0.737 | 2000000 |   0.0104 | 77340668 |     440
  11240000 | 0.010 | 0.737 | 2000000 |   0.0103 | 77409517 |     436
  11250000 | 0.010 | 0.737 | 2000000 |   0.0104 | 77478406 |     438
  11260000 | 0.010 | 0.738 | 2000000 |   0.0105 | 77547269 |     438
  11270000 | 0.010 | 0.738 | 2000000 |   0.0102 | 77616128 |     441
  11280000 | 0.010 | 0.738 | 2000000 |   0.0104 | 77684999 |     443
  11290000 | 0.010 | 0.739 | 2000000 |   0.0103 | 77753869 |     434
  11300000 | 0.010 | 0.739 | 2000000 |   0.0101 | 77822759 |     440
  11310000 | 0.010 | 0.739 | 2000000 |   0.0103 | 77891620 |     436
  11320000 | 0.010 | 0.740 | 2000000 |   0.0104 | 77960486 |     431
  11330000 | 0.010 | 0.740 | 2000000 |   0.0103 | 78029360 |     434
  11340000 | 0.010 | 0.740 | 2000000 |   0.0103 | 78098231 |     424
  11350000 | 0.010 | 0.740 | 2000000 |   0.0104 | 78167100 |     434
  11360000 | 0.010 | 0.741 | 2000000 |   0.0103 | 78235988 |     439
  11370000 | 0.010 | 0.741 | 2000000 |   0.0103 | 78304854 |     442
  11380000 | 0.010 | 0.741 | 2000000 |   0.0102 | 78373701 |     442
  11390000 | 0.010 | 0.742 | 2000000 |   0.0104 | 78442557 |     441
  11400000 | 0.010 | 0.742 | 2000000 |   0.0103 | 78511433 |     441
  11410000 | 0.010 | 0.742 | 2000000 |   0.0101 | 78580301 |     446
  11420000 | 0.010 | 0.743 | 2000000 |   0.0102 | 78649167 |     434
  11430000 | 0.010 | 0.743 | 2000000 |   0.0102 | 78718041 |     439
  11440000 | 0.010 | 0.743 | 2000000 |   0.0102 | 78786924 |     437
  11450000 | 0.010 | 0.743 | 2000000 |   0.0102 | 78855795 |     426
  11460000 | 0.010 | 0.744 | 2000000 |   0.0100 | 78924659 |     433
  11470000 | 0.010 | 0.744 | 2000000 |   0.0101 | 78993518 |     435
  11480000 | 0.010 | 0.744 | 2000000 |   0.0100 | 79062372 |     433
  11490000 | 0.010 | 0.745 | 2000000 |   0.0101 | 79131228 |     443
  11500000 | 0.010 | 0.745 | 2000000 |   0.0102 | 79200099 |     442
  [SAVE] models/dmc_11500000.safetensors
  11510000 | 0.010 | 0.745 | 2000000 |   0.0100 | 79268961 |     440
  11520000 | 0.010 | 0.746 | 2000000 |   0.0099 | 79337832 |     441
  11530000 | 0.010 | 0.746 | 2000000 |   0.0100 | 79406694 |     437
  11540000 | 0.010 | 0.746 | 2000000 |   0.0101 | 79475574 |     439
  11550000 | 0.010 | 0.746 | 2000000 |   0.0101 | 79544444 |     444
  11560000 | 0.010 | 0.747 | 2000000 |   0.0102 | 79613318 |     440
  11570000 | 0.010 | 0.747 | 2000000 |   0.0101 | 79682201 |     442
  11580000 | 0.010 | 0.747 | 2000000 |   0.0100 | 79751057 |     444
  11590000 | 0.010 | 0.748 | 2000000 |   0.0100 | 79819926 |     441
  11600000 | 0.010 | 0.748 | 2000000 |   0.0100 | 79888800 |     438
  11610000 | 0.010 | 0.748 | 2000000 |   0.0099 | 79957674 |     438
  11620000 | 0.010 | 0.749 | 2000000 |   0.0099 | 80026559 |     417
  11630000 | 0.010 | 0.749 | 2000000 |   0.0098 | 80095424 |     427
  11640000 | 0.010 | 0.749 | 2000000 |   0.0100 | 80164322 |     437
  11650000 | 0.010 | 0.749 | 2000000 |   0.0099 | 80233180 |     433
  11660000 | 0.010 | 0.750 | 2000000 |   0.0098 | 80302041 |     410
  11670000 | 0.010 | 0.750 | 2000000 |   0.0099 | 80370902 |     402
  11680000 | 0.010 | 0.750 | 2000000 |   0.0099 | 80439787 |     414
  11690000 | 0.010 | 0.751 | 2000000 |   0.0099 | 80508656 |     359
  11700000 | 0.010 | 0.751 | 2000000 |   0.0098 | 80577515 |     348
  11710000 | 0.010 | 0.751 | 2000000 |   0.0098 | 80646380 |     340
  11720000 | 0.010 | 0.752 | 2000000 |   0.0098 | 80715238 |     342
  11730000 | 0.010 | 0.752 | 2000000 |   0.0100 | 80784115 |     340
  11740000 | 0.010 | 0.752 | 2000000 |   0.0098 | 80852976 |     315
  11750000 | 0.010 | 0.752 | 2000000 |   0.0098 | 80921852 |     333
  11760000 | 0.010 | 0.753 | 2000000 |   0.0098 | 80990716 |     261
  11770000 | 0.010 | 0.753 | 2000000 |   0.0098 | 81059578 |     212
  11780000 | 0.010 | 0.753 | 2000000 |   0.0097 | 81128448 |     213
  11790000 | 0.010 | 0.754 | 2000000 |   0.0099 | 81197325 |     242
  11800000 | 0.010 | 0.754 | 2000000 |   0.0098 | 81266190 |     284
  11810000 | 0.010 | 0.754 | 2000000 |   0.0096 | 81335059 |     311
  11820000 | 0.010 | 0.755 | 2000000 |   0.0097 | 81403923 |     226
  11830000 | 0.010 | 0.755 | 2000000 |   0.0096 | 81472778 |     215
  11840000 | 0.010 | 0.755 | 2000000 |   0.0097 | 81541647 |     213
  11850000 | 0.010 | 0.755 | 2000000 |   0.0097 | 81610505 |     209
  11860000 | 0.010 | 0.756 | 2000000 |   0.0097 | 81679375 |     235
  11870000 | 0.010 | 0.756 | 2000000 |   0.0098 | 81748237 |     318
  11880000 | 0.010 | 0.756 | 2000000 |   0.0097 | 81817119 |     225
  11890000 | 0.010 | 0.757 | 2000000 |   0.0097 | 81885987 |     214
  11900000 | 0.010 | 0.757 | 2000000 |   0.0097 | 81954845 |     216
  11910000 | 0.010 | 0.757 | 2000000 |   0.0097 | 82023716 |     209
  11920000 | 0.010 | 0.758 | 2000000 |   0.0097 | 82092588 |     216
  11930000 | 0.010 | 0.758 | 2000000 |   0.0097 | 82161474 |     337
  11940000 | 0.010 | 0.758 | 2000000 |   0.0097 | 82230342 |     341
  11950000 | 0.010 | 0.758 | 2000000 |   0.0096 | 82299217 |     344
  11960000 | 0.010 | 0.759 | 2000000 |   0.0095 | 82368091 |     327
  11970000 | 0.010 | 0.759 | 2000000 |   0.0097 | 82436948 |     257
  11980000 | 0.010 | 0.759 | 2000000 |   0.0096 | 82505827 |     230
  11990000 | 0.010 | 0.760 | 2000000 |   0.0096 | 82574701 |     211
  12000000 | 0.010 | 0.760 | 2000000 |   0.0094 | 82643588 |     215
  [EVAL] deals 76% | rand 97% (19s)
  [SAVE] models/dmc_12000000.safetensors
  12010000 | 0.010 | 0.760 | 2000000 |   0.0094 | 82712459 |     151
  12020000 | 0.010 | 0.761 | 2000000 |   0.0095 | 82781342 |     198
  12030000 | 0.010 | 0.761 | 2000000 |   0.0096 | 82850217 |     283
  12040000 | 0.010 | 0.761 | 2000000 |   0.0095 | 82919092 |     319
  12050000 | 0.010 | 0.761 | 2000000 |   0.0095 | 82987974 |     227
  12060000 | 0.010 | 0.762 | 2000000 |   0.0094 | 83056834 |     189
  12070000 | 0.010 | 0.762 | 2000000 |   0.0094 | 83125712 |     193
  12080000 | 0.010 | 0.762 | 2000000 |   0.0093 | 83194565 |     190
  12090000 | 0.010 | 0.763 | 2000000 |   0.0094 | 83263436 |     288
  12100000 | 0.010 | 0.763 | 2000000 |   0.0093 | 83332303 |     235
  12110000 | 0.010 | 0.763 | 2000000 |   0.0093 | 83401177 |     222
  12120000 | 0.010 | 0.764 | 2000000 |   0.0094 | 83470055 |     198
  12130000 | 0.010 | 0.764 | 2000000 |   0.0093 | 83538923 |     218
  12140000 | 0.010 | 0.764 | 2000000 |   0.0093 | 83607793 |     218
  12150000 | 0.010 | 0.764 | 2000000 |   0.0093 | 83676648 |     224
  12160000 | 0.010 | 0.765 | 2000000 |   0.0095 | 83745532 |     215
  12170000 | 0.010 | 0.765 | 2000000 |   0.0094 | 83814392 |     327
  12180000 | 0.010 | 0.765 | 2000000 |   0.0094 | 83883263 |     340
  12190000 | 0.010 | 0.766 | 2000000 |   0.0093 | 83952139 |     235
  12200000 | 0.010 | 0.766 | 2000000 |   0.0094 | 84020994 |     201
  12210000 | 0.010 | 0.766 | 2000000 |   0.0093 | 84089860 |     204
  12220000 | 0.010 | 0.767 | 2000000 |   0.0093 | 84158748 |     320
  12230000 | 0.010 | 0.767 | 2000000 |   0.0092 | 84227607 |     339
  12240000 | 0.010 | 0.767 | 2000000 |   0.0093 | 84296471 |     341
  12250000 | 0.010 | 0.767 | 2000000 |   0.0094 | 84365345 |     237
  12260000 | 0.010 | 0.768 | 2000000 |   0.0094 | 84434221 |     188
  12270000 | 0.010 | 0.768 | 2000000 |   0.0094 | 84503085 |     209
  12280000 | 0.010 | 0.768 | 2000000 |   0.0092 | 84571949 |     192
  12290000 | 0.010 | 0.769 | 2000000 |   0.0092 | 84640825 |     188
  12300000 | 0.010 | 0.769 | 2000000 |   0.0091 | 84709664 |     321
  12310000 | 0.010 | 0.769 | 2000000 |   0.0093 | 84778530 |     423
  12320000 | 0.010 | 0.770 | 2000000 |   0.0092 | 84847407 |     430
  12330000 | 0.010 | 0.770 | 2000000 |   0.0092 | 84916274 |     428
  12340000 | 0.010 | 0.770 | 2000000 |   0.0093 | 84985151 |     435
  12350000 | 0.010 | 0.770 | 2000000 |   0.0092 | 85054021 |     422
  12360000 | 0.010 | 0.771 | 2000000 |   0.0093 | 85122880 |     419
  12370000 | 0.010 | 0.771 | 2000000 |   0.0091 | 85191757 |     423
  12380000 | 0.010 | 0.771 | 2000000 |   0.0091 | 85260634 |     419
  12390000 | 0.010 | 0.772 | 2000000 |   0.0090 | 85329507 |     410
  12400000 | 0.010 | 0.772 | 2000000 |   0.0091 | 85398374 |     436
  12410000 | 0.010 | 0.772 | 2000000 |   0.0090 | 85467247 |     431
  12420000 | 0.010 | 0.773 | 2000000 |   0.0090 | 85536111 |     434
  12430000 | 0.010 | 0.773 | 2000000 |   0.0091 | 85604990 |     430
  12440000 | 0.010 | 0.773 | 2000000 |   0.0091 | 85673861 |     437
  12450000 | 0.010 | 0.773 | 2000000 |   0.0091 | 85742741 |     435
  12460000 | 0.010 | 0.774 | 2000000 |   0.0090 | 85811592 |     416
  12470000 | 0.010 | 0.774 | 2000000 |   0.0091 | 85880468 |     425
  12480000 | 0.010 | 0.774 | 2000000 |   0.0091 | 85949346 |     425
  12490000 | 0.010 | 0.775 | 2000000 |   0.0090 | 86018199 |     412
  12500000 | 0.010 | 0.775 | 2000000 |   0.0090 | 86087071 |     422
  [SAVE] models/dmc_12500000.safetensors
  12510000 | 0.010 | 0.775 | 2000000 |   0.0089 | 86155932 |     426
  12520000 | 0.010 | 0.776 | 2000000 |   0.0089 | 86224797 |     431
  12530000 | 0.010 | 0.776 | 2000000 |   0.0090 | 86293680 |     427
  12540000 | 0.010 | 0.776 | 2000000 |   0.0090 | 86362545 |     420
  12550000 | 0.010 | 0.776 | 2000000 |   0.0090 | 86431412 |     425
  12560000 | 0.010 | 0.777 | 2000000 |   0.0090 | 86500268 |     418
  12570000 | 0.010 | 0.777 | 2000000 |   0.0091 | 86569133 |     410
  12580000 | 0.010 | 0.777 | 2000000 |   0.0089 | 86637996 |     429
  12590000 | 0.010 | 0.778 | 2000000 |   0.0090 | 86706858 |     423
  12600000 | 0.010 | 0.778 | 2000000 |   0.0088 | 86775728 |     424
  12610000 | 0.010 | 0.778 | 2000000 |   0.0090 | 86844569 |     427
  12620000 | 0.010 | 0.779 | 2000000 |   0.0090 | 86913421 |     423
  12630000 | 0.010 | 0.779 | 2000000 |   0.0090 | 86982300 |     424
  12640000 | 0.010 | 0.779 | 2000000 |   0.0089 | 87051184 |     417
  12650000 | 0.010 | 0.779 | 2000000 |   0.0089 | 87120052 |     402
  12660000 | 0.010 | 0.780 | 2000000 |   0.0088 | 87188931 |     415
  12670000 | 0.010 | 0.780 | 2000000 |   0.0088 | 87257814 |     411
  12680000 | 0.010 | 0.780 | 2000000 |   0.0090 | 87326681 |     415
  12690000 | 0.010 | 0.781 | 2000000 |   0.0090 | 87395557 |     422
  12700000 | 0.010 | 0.781 | 2000000 |   0.0089 | 87464434 |     420
  12710000 | 0.010 | 0.781 | 2000000 |   0.0088 | 87533299 |     425
  12720000 | 0.010 | 0.782 | 2000000 |   0.0088 | 87602174 |     430
  12730000 | 0.010 | 0.782 | 2000000 |   0.0088 | 87671037 |     436
  12740000 | 0.010 | 0.782 | 2000000 |   0.0088 | 87739915 |     433
  12750000 | 0.010 | 0.782 | 2000000 |   0.0088 | 87808780 |     434
  12760000 | 0.010 | 0.783 | 2000000 |   0.0088 | 87877644 |     431
  12770000 | 0.010 | 0.783 | 2000000 |   0.0088 | 87946517 |     434
  12780000 | 0.010 | 0.783 | 2000000 |   0.0089 | 88015387 |     430
  12790000 | 0.010 | 0.784 | 2000000 |   0.0086 | 88084248 |     429
  12800000 | 0.010 | 0.784 | 2000000 |   0.0086 | 88153119 |     405
  12810000 | 0.010 | 0.784 | 2000000 |   0.0087 | 88221998 |     329
  12820000 | 0.010 | 0.785 | 2000000 |   0.0087 | 88290878 |     349
  12830000 | 0.010 | 0.785 | 2000000 |   0.0087 | 88359744 |     420
  12840000 | 0.010 | 0.785 | 2000000 |   0.0087 | 88428596 |     432
  12850000 | 0.010 | 0.785 | 2000000 |   0.0085 | 88497488 |     431
  12860000 | 0.010 | 0.786 | 2000000 |   0.0087 | 88566366 |     429
  12870000 | 0.010 | 0.786 | 2000000 |   0.0086 | 88635251 |     439
  12880000 | 0.010 | 0.786 | 2000000 |   0.0087 | 88704121 |     434
  12890000 | 0.010 | 0.787 | 2000000 |   0.0087 | 88773006 |     425
  12900000 | 0.010 | 0.787 | 2000000 |   0.0086 | 88841882 |     431
  12910000 | 0.010 | 0.787 | 2000000 |   0.0086 | 88910749 |     429
  12920000 | 0.010 | 0.788 | 2000000 |   0.0087 | 88979614 |     432
  12930000 | 0.010 | 0.788 | 2000000 |   0.0087 | 89048481 |     429
  12940000 | 0.010 | 0.788 | 2000000 |   0.0086 | 89117343 |     422
  12950000 | 0.010 | 0.788 | 2000000 |   0.0087 | 89186198 |     426
  12960000 | 0.010 | 0.789 | 2000000 |   0.0085 | 89255068 |     418
  12970000 | 0.010 | 0.789 | 2000000 |   0.0086 | 89323919 |     337
  12980000 | 0.010 | 0.789 | 2000000 |   0.0084 | 89392778 |     242
  12990000 | 0.010 | 0.790 | 2000000 |   0.0086 | 89461663 |     296
  13000000 | 0.010 | 0.790 | 2000000 |   0.0086 | 89530528 |     434
  [EVAL] deals 71% | rand 96% (18s)
  [SAVE] models/dmc_13000000.safetensors
  13010000 | 0.010 | 0.790 | 2000000 |   0.0085 | 89599392 |     239
  13020000 | 0.010 | 0.791 | 2000000 |   0.0084 | 89668263 |     436
  13030000 | 0.010 | 0.791 | 2000000 |   0.0085 | 89737136 |     443
  13040000 | 0.010 | 0.791 | 2000000 |   0.0086 | 89806012 |     443
  13050000 | 0.010 | 0.791 | 2000000 |   0.0085 | 89874861 |     438
  13060000 | 0.010 | 0.792 | 2000000 |   0.0083 | 89943729 |     423
  13070000 | 0.010 | 0.792 | 2000000 |   0.0086 | 90012602 |     409
  13080000 | 0.010 | 0.792 | 2000000 |   0.0084 | 90081455 |     401
  13090000 | 0.010 | 0.793 | 2000000 |   0.0083 | 90150343 |     409
  13100000 | 0.010 | 0.793 | 2000000 |   0.0083 | 90219207 |     408
  13110000 | 0.010 | 0.793 | 2000000 |   0.0085 | 90288064 |     405
  13120000 | 0.010 | 0.794 | 2000000 |   0.0086 | 90356948 |     406
  13130000 | 0.010 | 0.794 | 2000000 |   0.0085 | 90425831 |     402
  13140000 | 0.010 | 0.794 | 2000000 |   0.0084 | 90494710 |     410
  13150000 | 0.010 | 0.794 | 2000000 |   0.0085 | 90563592 |     408
  13160000 | 0.010 | 0.795 | 2000000 |   0.0084 | 90632455 |     402
  13170000 | 0.010 | 0.795 | 2000000 |   0.0084 | 90701334 |     408
  13180000 | 0.010 | 0.795 | 2000000 |   0.0083 | 90770191 |     415
  13190000 | 0.010 | 0.796 | 2000000 |   0.0084 | 90839071 |     416
  13200000 | 0.010 | 0.796 | 2000000 |   0.0084 | 90907946 |     414
  13210000 | 0.010 | 0.796 | 2000000 |   0.0084 | 90976797 |     418
  13220000 | 0.010 | 0.797 | 2000000 |   0.0084 | 91045671 |     414
  13230000 | 0.010 | 0.797 | 2000000 |   0.0083 | 91114528 |     414
  13240000 | 0.010 | 0.797 | 2000000 |   0.0083 | 91183382 |     416
  13250000 | 0.010 | 0.797 | 2000000 |   0.0084 | 91252253 |     409
  13260000 | 0.010 | 0.798 | 2000000 |   0.0085 | 91321134 |     419
  13270000 | 0.010 | 0.798 | 2000000 |   0.0084 | 91390009 |     417
  13280000 | 0.010 | 0.798 | 2000000 |   0.0084 | 91458871 |     414
  13290000 | 0.010 | 0.799 | 2000000 |   0.0084 | 91527742 |     414
  13300000 | 0.010 | 0.799 | 2000000 |   0.0084 | 91596601 |     417
  13310000 | 0.010 | 0.799 | 2000000 |   0.0083 | 91665470 |     419
  13320000 | 0.010 | 0.800 | 2000000 |   0.0083 | 91734336 |     422
  13330000 | 0.010 | 0.800 | 2000000 |   0.0084 | 91803206 |     422
  13340000 | 0.010 | 0.800 | 2000000 |   0.0082 | 91872088 |     419
  13350000 | 0.010 | 0.800 | 2000000 |   0.0082 | 91940956 |     424
  13360000 | 0.010 | 0.801 | 2000000 |   0.0082 | 92009842 |     421
  13370000 | 0.010 | 0.801 | 2000000 |   0.0082 | 92078715 |     420
  13380000 | 0.010 | 0.801 | 2000000 |   0.0082 | 92147587 |     415
  13390000 | 0.010 | 0.802 | 2000000 |   0.0082 | 92216441 |     418
  13400000 | 0.010 | 0.802 | 2000000 |   0.0080 | 92285324 |     423
  13410000 | 0.010 | 0.802 | 2000000 |   0.0081 | 92354202 |     420
  13420000 | 0.010 | 0.803 | 2000000 |   0.0080 | 92423070 |     420
  13430000 | 0.010 | 0.803 | 2000000 |   0.0081 | 92491949 |     422
  13440000 | 0.010 | 0.803 | 2000000 |   0.0081 | 92560823 |     421
  13450000 | 0.010 | 0.803 | 2000000 |   0.0082 | 92629704 |     425
  13460000 | 0.010 | 0.804 | 2000000 |   0.0081 | 92698572 |     427
  13470000 | 0.010 | 0.804 | 2000000 |   0.0081 | 92767452 |     429
  13480000 | 0.010 | 0.804 | 2000000 |   0.0081 | 92836328 |     425
  13490000 | 0.010 | 0.805 | 2000000 |   0.0081 | 92905196 |     424
  13500000 | 0.010 | 0.805 | 2000000 |   0.0082 | 92974060 |     427
  [SAVE] models/dmc_13500000.safetensors
  13510000 | 0.010 | 0.805 | 2000000 |   0.0081 | 93042950 |     423
  13520000 | 0.010 | 0.806 | 2000000 |   0.0081 | 93111796 |     424
  13530000 | 0.010 | 0.806 | 2000000 |   0.0080 | 93180661 |     422
  13540000 | 0.010 | 0.806 | 2000000 |   0.0081 | 93249524 |     420
  13550000 | 0.010 | 0.806 | 2000000 |   0.0080 | 93318390 |     420
  13560000 | 0.010 | 0.807 | 2000000 |   0.0081 | 93387246 |     419
  13570000 | 0.010 | 0.807 | 2000000 |   0.0081 | 93456120 |     417
  13580000 | 0.010 | 0.807 | 2000000 |   0.0079 | 93524994 |     418
  13590000 | 0.010 | 0.808 | 2000000 |   0.0078 | 93593883 |     411
  13600000 | 0.010 | 0.808 | 2000000 |   0.0079 | 93662741 |     422
  13610000 | 0.010 | 0.808 | 2000000 |   0.0079 | 93731619 |     417
  13620000 | 0.010 | 0.809 | 2000000 |   0.0079 | 93800482 |     420
  13630000 | 0.010 | 0.809 | 2000000 |   0.0079 | 93869345 |     417
  13640000 | 0.010 | 0.809 | 2000000 |   0.0078 | 93938223 |     428
  13650000 | 0.010 | 0.809 | 2000000 |   0.0078 | 94007082 |     433
  13660000 | 0.010 | 0.810 | 2000000 |   0.0078 | 94075956 |     431
  13670000 | 0.010 | 0.810 | 2000000 |   0.0078 | 94144817 |     431
  13680000 | 0.010 | 0.810 | 2000000 |   0.0079 | 94213683 |     430
  13690000 | 0.010 | 0.811 | 2000000 |   0.0078 | 94282556 |     428
  13700000 | 0.010 | 0.811 | 2000000 |   0.0079 | 94351430 |     428
  13710000 | 0.010 | 0.811 | 2000000 |   0.0078 | 94420292 |     429
  13720000 | 0.010 | 0.812 | 2000000 |   0.0079 | 94489165 |     428
  13730000 | 0.010 | 0.812 | 2000000 |   0.0078 | 94558036 |     428
  13740000 | 0.010 | 0.812 | 2000000 |   0.0079 | 94626891 |     431
  13750000 | 0.010 | 0.812 | 2000000 |   0.0080 | 94695778 |     432
  13760000 | 0.010 | 0.813 | 2000000 |   0.0078 | 94764638 |     432
  13770000 | 0.010 | 0.813 | 2000000 |   0.0079 | 94833504 |     437
  13780000 | 0.010 | 0.813 | 2000000 |   0.0078 | 94902375 |     432
  13790000 | 0.010 | 0.814 | 2000000 |   0.0079 | 94971238 |     433
  13800000 | 0.010 | 0.814 | 2000000 |   0.0078 | 95040123 |     432
  13810000 | 0.010 | 0.814 | 2000000 |   0.0077 | 95108990 |     429
  13820000 | 0.010 | 0.815 | 2000000 |   0.0078 | 95177858 |     425
  13830000 | 0.010 | 0.815 | 2000000 |   0.0078 | 95246722 |     428
  13840000 | 0.010 | 0.815 | 2000000 |   0.0078 | 95315585 |     429
  13850000 | 0.010 | 0.815 | 2000000 |   0.0077 | 95384458 |     432
  13860000 | 0.010 | 0.816 | 2000000 |   0.0077 | 95453318 |     439
  13870000 | 0.010 | 0.816 | 2000000 |   0.0077 | 95522198 |     439
  13880000 | 0.010 | 0.816 | 2000000 |   0.0077 | 95591059 |     434
  13890000 | 0.010 | 0.817 | 2000000 |   0.0077 | 95659936 |     437
  13900000 | 0.010 | 0.817 | 2000000 |   0.0078 | 95728804 |     430
  13910000 | 0.010 | 0.817 | 2000000 |   0.0077 | 95797680 |     429
  13920000 | 0.010 | 0.818 | 2000000 |   0.0076 | 95866536 |     435
  13930000 | 0.010 | 0.818 | 2000000 |   0.0076 | 95935410 |     429
  13940000 | 0.010 | 0.818 | 2000000 |   0.0076 | 96004280 |     426
  13950000 | 0.010 | 0.818 | 2000000 |   0.0076 | 96073153 |     405
  13960000 | 0.010 | 0.819 | 2000000 |   0.0077 | 96142022 |     411
  13970000 | 0.010 | 0.819 | 2000000 |   0.0076 | 96210879 |     401
  13980000 | 0.010 | 0.819 | 2000000 |   0.0077 | 96279750 |     407
  13990000 | 0.010 | 0.820 | 2000000 |   0.0077 | 96348623 |     405
  14000000 | 0.010 | 0.820 | 2000000 |   0.0077 | 96417496 |     409
  [EVAL] deals 72% | rand 98% (18s)
  [SAVE] models/dmc_14000000.safetensors
  14010000 | 0.010 | 0.820 | 2000000 |   0.0077 | 96486359 |     236
  14020000 | 0.010 | 0.821 | 2000000 |   0.0076 | 96555222 |     418
  14030000 | 0.010 | 0.821 | 2000000 |   0.0077 | 96624099 |     423
  14040000 | 0.010 | 0.821 | 2000000 |   0.0077 | 96692979 |     426
  14050000 | 0.010 | 0.821 | 2000000 |   0.0077 | 96761844 |     421
  14060000 | 0.010 | 0.822 | 2000000 |   0.0076 | 96830717 |     420
  14070000 | 0.010 | 0.822 | 2000000 |   0.0075 | 96899591 |     420
  14080000 | 0.010 | 0.822 | 2000000 |   0.0074 | 96968458 |     419
  14090000 | 0.010 | 0.823 | 2000000 |   0.0075 | 97037334 |     413
  14100000 | 0.010 | 0.823 | 2000000 |   0.0074 | 97106204 |     416
  14110000 | 0.010 | 0.823 | 2000000 |   0.0074 | 97175096 |     422
  14120000 | 0.010 | 0.824 | 2000000 |   0.0075 | 97243955 |     421
  14130000 | 0.010 | 0.824 | 2000000 |   0.0075 | 97312821 |     422
  14140000 | 0.010 | 0.824 | 2000000 |   0.0075 | 97381688 |     419
  14150000 | 0.010 | 0.824 | 2000000 |   0.0075 | 97450568 |     422
  14160000 | 0.010 | 0.825 | 2000000 |   0.0075 | 97519438 |     421
  14170000 | 0.010 | 0.825 | 2000000 |   0.0075 | 97588318 |     426
  14180000 | 0.010 | 0.825 | 2000000 |   0.0075 | 97657179 |     419
  14190000 | 0.010 | 0.826 | 2000000 |   0.0075 | 97726044 |     425
  14200000 | 0.010 | 0.826 | 2000000 |   0.0074 | 97794920 |     424
  14210000 | 0.010 | 0.826 | 2000000 |   0.0074 | 97863776 |     424
  14220000 | 0.010 | 0.827 | 2000000 |   0.0076 | 97932627 |     424
  14230000 | 0.010 | 0.827 | 2000000 |   0.0074 | 98001515 |     422
  14240000 | 0.010 | 0.827 | 2000000 |   0.0074 | 98070367 |     422
  14250000 | 0.010 | 0.827 | 2000000 |   0.0074 | 98139251 |     422
  14260000 | 0.010 | 0.828 | 2000000 |   0.0075 | 98208113 |     423
  14270000 | 0.010 | 0.828 | 2000000 |   0.0074 | 98276990 |     422
  14280000 | 0.010 | 0.828 | 2000000 |   0.0073 | 98345854 |     420
  14290000 | 0.010 | 0.829 | 2000000 |   0.0073 | 98414699 |     424
  14300000 | 0.010 | 0.829 | 2000000 |   0.0074 | 98483583 |     420
  14310000 | 0.010 | 0.829 | 2000000 |   0.0074 | 98552450 |     409
  14320000 | 0.010 | 0.830 | 2000000 |   0.0074 | 98621313 |     420
  14330000 | 0.010 | 0.830 | 2000000 |   0.0074 | 98690180 |     418
  14340000 | 0.010 | 0.830 | 2000000 |   0.0073 | 98759046 |     427
  14350000 | 0.010 | 0.830 | 2000000 |   0.0073 | 98827921 |     417
  14360000 | 0.010 | 0.831 | 2000000 |   0.0074 | 98896777 |     410
  14370000 | 0.010 | 0.831 | 2000000 |   0.0074 | 98965673 |     410
  14380000 | 0.010 | 0.831 | 2000000 |   0.0073 | 99034517 |     408
  14390000 | 0.010 | 0.832 | 2000000 |   0.0073 | 99103402 |     434
  14400000 | 0.010 | 0.832 | 2000000 |   0.0074 | 99172280 |     424
  14410000 | 0.010 | 0.832 | 2000000 |   0.0073 | 99241144 |     416
  14420000 | 0.010 | 0.833 | 2000000 |   0.0073 | 99310014 |     416
  14430000 | 0.010 | 0.833 | 2000000 |   0.0073 | 99378897 |     415
  14440000 | 0.010 | 0.833 | 2000000 |   0.0072 | 99447778 |     421
  14450000 | 0.010 | 0.833 | 2000000 |   0.0072 | 99516642 |     424
  14460000 | 0.010 | 0.834 | 2000000 |   0.0071 | 99585508 |     408
  14470000 | 0.010 | 0.834 | 2000000 |   0.0072 | 99654373 |     425
  14480000 | 0.010 | 0.834 | 2000000 |   0.0072 | 99723234 |     420
  14490000 | 0.010 | 0.835 | 2000000 |   0.0073 | 99792110 |     448
  14500000 | 0.010 | 0.835 | 2000000 |   0.0072 | 99860987 |     446
  [SAVE] models/dmc_14500000.safetensors
  14510000 | 0.010 | 0.835 | 2000000 |   0.0071 | 99929855 |     436
  14520000 | 0.010 | 0.836 | 2000000 |   0.0071 | 99998725 |     414
  14530000 | 0.010 | 0.836 | 2000000 |   0.0070 | 100067606 |     423
  14540000 | 0.010 | 0.836 | 2000000 |   0.0072 | 100136457 |     426
  14550000 | 0.010 | 0.836 | 2000000 |   0.0071 | 100205317 |     423
  14560000 | 0.010 | 0.837 | 2000000 |   0.0070 | 100274181 |     420
  14570000 | 0.010 | 0.837 | 2000000 |   0.0070 | 100343060 |     416
  14580000 | 0.010 | 0.837 | 2000000 |   0.0071 | 100411918 |     417
  14590000 | 0.010 | 0.838 | 2000000 |   0.0071 | 100480787 |     415
  14600000 | 0.010 | 0.838 | 2000000 |   0.0070 | 100549663 |     417
  14610000 | 0.010 | 0.838 | 2000000 |   0.0071 | 100618523 |     451
  14620000 | 0.010 | 0.839 | 2000000 |   0.0072 | 100687405 |     432
  14630000 | 0.010 | 0.839 | 2000000 |   0.0072 | 100756265 |     432
  14640000 | 0.010 | 0.839 | 2000000 |   0.0071 | 100825142 |     434
  14650000 | 0.010 | 0.839 | 2000000 |   0.0072 | 100894022 |     426
  14660000 | 0.010 | 0.840 | 2000000 |   0.0071 | 100962883 |     422
  14670000 | 0.010 | 0.840 | 2000000 |   0.0070 | 101031759 |     439
  14680000 | 0.010 | 0.840 | 2000000 |   0.0071 | 101100619 |     425
  14690000 | 0.010 | 0.841 | 2000000 |   0.0071 | 101169493 |     403
  14700000 | 0.010 | 0.841 | 2000000 |   0.0071 | 101238363 |     393
  14710000 | 0.010 | 0.841 | 2000000 |   0.0069 | 101307238 |     409
  14720000 | 0.010 | 0.842 | 2000000 |   0.0070 | 101376102 |     430
  14730000 | 0.010 | 0.842 | 2000000 |   0.0069 | 101444985 |     432
  14740000 | 0.010 | 0.842 | 2000000 |   0.0069 | 101513837 |     417
  14750000 | 0.010 | 0.842 | 2000000 |   0.0069 | 101582713 |     431
  14760000 | 0.010 | 0.843 | 2000000 |   0.0069 | 101651585 |     431
  14770000 | 0.010 | 0.843 | 2000000 |   0.0069 | 101720453 |     430
  14780000 | 0.010 | 0.843 | 2000000 |   0.0068 | 101789321 |     426
  14790000 | 0.010 | 0.844 | 2000000 |   0.0069 | 101858186 |     430
  14800000 | 0.010 | 0.844 | 2000000 |   0.0068 | 101927066 |     440
  14810000 | 0.010 | 0.844 | 2000000 |   0.0069 | 101995950 |     437
  14820000 | 0.010 | 0.845 | 2000000 |   0.0069 | 102064833 |     437
  14830000 | 0.010 | 0.845 | 2000000 |   0.0068 | 102133693 |     434
  14840000 | 0.010 | 0.845 | 2000000 |   0.0068 | 102202564 |     433
  14850000 | 0.010 | 0.845 | 2000000 |   0.0068 | 102271427 |     434
  14860000 | 0.010 | 0.846 | 2000000 |   0.0068 | 102340287 |     434
  14870000 | 0.010 | 0.846 | 2000000 |   0.0069 | 102409164 |     436
  14880000 | 0.010 | 0.846 | 2000000 |   0.0068 | 102478037 |     435
  14890000 | 0.010 | 0.847 | 2000000 |   0.0069 | 102546915 |     437
  14900000 | 0.010 | 0.847 | 2000000 |   0.0070 | 102615788 |     438
  14910000 | 0.010 | 0.847 | 2000000 |   0.0069 | 102684649 |     434
  14920000 | 0.010 | 0.848 | 2000000 |   0.0067 | 102753513 |     434
  14930000 | 0.010 | 0.848 | 2000000 |   0.0068 | 102822379 |     431
  14940000 | 0.010 | 0.848 | 2000000 |   0.0069 | 102891249 |     436
  14950000 | 0.010 | 0.848 | 2000000 |   0.0068 | 102960112 |     432
  14960000 | 0.010 | 0.849 | 2000000 |   0.0068 | 103028977 |     440
  14970000 | 0.010 | 0.849 | 2000000 |   0.0069 | 103097843 |     438
  14980000 | 0.010 | 0.849 | 2000000 |   0.0068 | 103166711 |     437
  14990000 | 0.010 | 0.850 | 2000000 |   0.0067 | 103235578 |     433
  15000000 | 0.010 | 0.850 | 2000000 |   0.0068 | 103304444 |     441
  [EVAL] deals 74% | rand 95% (19s)
  [SAVE] models/dmc_15000000.safetensors
  15010000 | 0.010 | 0.850 | 2000000 |   0.0068 | 103373316 |     237
  15020000 | 0.010 | 0.851 | 2000000 |   0.0069 | 103442186 |     430
  15030000 | 0.010 | 0.851 | 2000000 |   0.0069 | 103511057 |     434
  15040000 | 0.010 | 0.851 | 2000000 |   0.0068 | 103579959 |     431
  15050000 | 0.010 | 0.851 | 2000000 |   0.0067 | 103648807 |     428
  15060000 | 0.010 | 0.852 | 2000000 |   0.0068 | 103717680 |     428
  15070000 | 0.010 | 0.852 | 2000000 |   0.0068 | 103786569 |     430
  15080000 | 0.010 | 0.852 | 2000000 |   0.0067 | 103855441 |     428
  15090000 | 0.010 | 0.853 | 2000000 |   0.0068 | 103924297 |     430
  15100000 | 0.010 | 0.853 | 2000000 |   0.0067 | 103993164 |     435
  15110000 | 0.010 | 0.853 | 2000000 |   0.0067 | 104062044 |     443
  15120000 | 0.010 | 0.854 | 2000000 |   0.0066 | 104130906 |     443
  15130000 | 0.010 | 0.854 | 2000000 |   0.0067 | 104199784 |     445
  15140000 | 0.010 | 0.854 | 2000000 |   0.0068 | 104268658 |     443
  15150000 | 0.010 | 0.854 | 2000000 |   0.0067 | 104337534 |     441
  15160000 | 0.010 | 0.855 | 2000000 |   0.0065 | 104406403 |     444
  15170000 | 0.010 | 0.855 | 2000000 |   0.0067 | 104475264 |     441
  15180000 | 0.010 | 0.855 | 2000000 |   0.0066 | 104544151 |     440
  15190000 | 0.010 | 0.856 | 2000000 |   0.0066 | 104613020 |     441
  15200000 | 0.010 | 0.856 | 2000000 |   0.0066 | 104681901 |     434
  15210000 | 0.010 | 0.856 | 2000000 |   0.0066 | 104750760 |     439
  15220000 | 0.010 | 0.857 | 2000000 |   0.0066 | 104819643 |     426
  15230000 | 0.010 | 0.857 | 2000000 |   0.0065 | 104888514 |     431
  15240000 | 0.010 | 0.857 | 2000000 |   0.0066 | 104957366 |     432
  15250000 | 0.010 | 0.857 | 2000000 |   0.0066 | 105026243 |     435
  15260000 | 0.010 | 0.858 | 2000000 |   0.0066 | 105095096 |     433
  15270000 | 0.010 | 0.858 | 2000000 |   0.0067 | 105163965 |     432
  15280000 | 0.010 | 0.858 | 2000000 |   0.0068 | 105232829 |     432
  15290000 | 0.010 | 0.859 | 2000000 |   0.0066 | 105301704 |     428
  15300000 | 0.010 | 0.859 | 2000000 |   0.0066 | 105370572 |     432
  15310000 | 0.010 | 0.859 | 2000000 |   0.0066 | 105439433 |     429
  15320000 | 0.010 | 0.860 | 2000000 |   0.0065 | 105508310 |     431
  15330000 | 0.010 | 0.860 | 2000000 |   0.0065 | 105577182 |     433
  15340000 | 0.010 | 0.860 | 2000000 |   0.0065 | 105646070 |     423
  15350000 | 0.010 | 0.860 | 2000000 |   0.0066 | 105714928 |     442
  15360000 | 0.010 | 0.861 | 2000000 |   0.0065 | 105783799 |     422
  15370000 | 0.010 | 0.861 | 2000000 |   0.0066 | 105852672 |     414
  15380000 | 0.010 | 0.861 | 2000000 |   0.0065 | 105921531 |     411
  15390000 | 0.010 | 0.862 | 2000000 |   0.0066 | 105990423 |     433
  15400000 | 0.010 | 0.862 | 2000000 |   0.0066 | 106059287 |     408
  15410000 | 0.010 | 0.862 | 2000000 |   0.0065 | 106128158 |     395
  15420000 | 0.010 | 0.863 | 2000000 |   0.0065 | 106197021 |     403
  15430000 | 0.010 | 0.863 | 2000000 |   0.0066 | 106265898 |     416
  15440000 | 0.010 | 0.863 | 2000000 |   0.0065 | 106334769 |     395
  15450000 | 0.010 | 0.863 | 2000000 |   0.0065 | 106403650 |     424
  15460000 | 0.010 | 0.864 | 2000000 |   0.0065 | 106472514 |     425
  15470000 | 0.010 | 0.864 | 2000000 |   0.0064 | 106541380 |     411
  15480000 | 0.010 | 0.864 | 2000000 |   0.0064 | 106610238 |     424
  15490000 | 0.010 | 0.865 | 2000000 |   0.0063 | 106679096 |     403
  15500000 | 0.010 | 0.865 | 2000000 |   0.0064 | 106747961 |     413
  [SAVE] models/dmc_15500000.safetensors
  15510000 | 0.010 | 0.865 | 2000000 |   0.0064 | 106816840 |     413
  15520000 | 0.010 | 0.866 | 2000000 |   0.0064 | 106885715 |     421
  15530000 | 0.010 | 0.866 | 2000000 |   0.0064 | 106954581 |     412
  15540000 | 0.010 | 0.866 | 2000000 |   0.0064 | 107023455 |     432
  15550000 | 0.010 | 0.866 | 2000000 |   0.0065 | 107092329 |     436
  15560000 | 0.010 | 0.867 | 2000000 |   0.0065 | 107161200 |     433
  15570000 | 0.010 | 0.867 | 2000000 |   0.0064 | 107230063 |     419
  15580000 | 0.010 | 0.867 | 2000000 |   0.0064 | 107298915 |     435
  15590000 | 0.010 | 0.868 | 2000000 |   0.0064 | 107367799 |     442
  15600000 | 0.010 | 0.868 | 2000000 |   0.0063 | 107436665 |     449
  15610000 | 0.010 | 0.868 | 2000000 |   0.0065 | 107505536 |     453
  15620000 | 0.010 | 0.869 | 2000000 |   0.0064 | 107574391 |     450
  15630000 | 0.010 | 0.869 | 2000000 |   0.0063 | 107643245 |     448
  15640000 | 0.010 | 0.869 | 2000000 |   0.0064 | 107712115 |     453
  15650000 | 0.010 | 0.869 | 2000000 |   0.0063 | 107780984 |     453
  15660000 | 0.010 | 0.870 | 2000000 |   0.0063 | 107849846 |     450
  15670000 | 0.010 | 0.870 | 2000000 |   0.0062 | 107918718 |     425
  15680000 | 0.010 | 0.870 | 2000000 |   0.0062 | 107987579 |     425
  15690000 | 0.010 | 0.871 | 2000000 |   0.0063 | 108056457 |     436
  15700000 | 0.010 | 0.871 | 2000000 |   0.0063 | 108125339 |     426
  15710000 | 0.010 | 0.871 | 2000000 |   0.0063 | 108194179 |     426
  15720000 | 0.010 | 0.872 | 2000000 |   0.0063 | 108263063 |     435
  15730000 | 0.010 | 0.872 | 2000000 |   0.0062 | 108331930 |     432
  15740000 | 0.010 | 0.872 | 2000000 |   0.0063 | 108400794 |     440
  15750000 | 0.010 | 0.872 | 2000000 |   0.0063 | 108469684 |     434
  15760000 | 0.010 | 0.873 | 2000000 |   0.0063 | 108538564 |     437
  15770000 | 0.010 | 0.873 | 2000000 |   0.0062 | 108607409 |     435
  15780000 | 0.010 | 0.873 | 2000000 |   0.0062 | 108676292 |     434
  15790000 | 0.010 | 0.874 | 2000000 |   0.0063 | 108745143 |     433
  15800000 | 0.010 | 0.874 | 2000000 |   0.0063 | 108814013 |     431
  15810000 | 0.010 | 0.874 | 2000000 |   0.0063 | 108882870 |     434
  15820000 | 0.010 | 0.875 | 2000000 |   0.0063 | 108951749 |     437
  15830000 | 0.010 | 0.875 | 2000000 |   0.0063 | 109020626 |     435
  15840000 | 0.010 | 0.875 | 2000000 |   0.0062 | 109089511 |     436
  15850000 | 0.010 | 0.875 | 2000000 |   0.0061 | 109158378 |     439
  15860000 | 0.010 | 0.876 | 2000000 |   0.0061 | 109227256 |     435
  15870000 | 0.010 | 0.876 | 2000000 |   0.0061 | 109296126 |     435
  15880000 | 0.010 | 0.876 | 2000000 |   0.0063 | 109364988 |     428
  15890000 | 0.010 | 0.877 | 2000000 |   0.0062 | 109433852 |     436
  15900000 | 0.010 | 0.877 | 2000000 |   0.0063 | 109502728 |     436
  15910000 | 0.010 | 0.877 | 2000000 |   0.0061 | 109571579 |     437
  15920000 | 0.010 | 0.878 | 2000000 |   0.0060 | 109640434 |     435
  15930000 | 0.010 | 0.878 | 2000000 |   0.0061 | 109709292 |     423
  15940000 | 0.010 | 0.878 | 2000000 |   0.0061 | 109778165 |     420
  15950000 | 0.010 | 0.878 | 2000000 |   0.0061 | 109847034 |     422
  15960000 | 0.010 | 0.879 | 2000000 |   0.0062 | 109915902 |     424
  15970000 | 0.010 | 0.879 | 2000000 |   0.0061 | 109984766 |     431
  15980000 | 0.010 | 0.879 | 2000000 |   0.0062 | 110053650 |     428
  15990000 | 0.010 | 0.880 | 2000000 |   0.0061 | 110122514 |     427
  16000000 | 0.010 | 0.880 | 2000000 |   0.0062 | 110191393 |     424
  [EVAL] deals 70% | rand 97% (18s)
  [SAVE] models/dmc_16000000.safetensors
  16010000 | 0.010 | 0.880 | 2000000 |   0.0060 | 110260279 |     241
  16020000 | 0.010 | 0.881 | 2000000 |   0.0060 | 110329153 |     422
  16030000 | 0.010 | 0.881 | 2000000 |   0.0060 | 110398016 |     417
  16040000 | 0.010 | 0.881 | 2000000 |   0.0061 | 110466890 |     414
  16050000 | 0.010 | 0.881 | 2000000 |   0.0061 | 110535765 |     422
  16060000 | 0.010 | 0.882 | 2000000 |   0.0061 | 110604621 |     423
  16070000 | 0.010 | 0.882 | 2000000 |   0.0061 | 110673494 |     422
  16080000 | 0.010 | 0.882 | 2000000 |   0.0061 | 110742341 |     422
  16090000 | 0.010 | 0.883 | 2000000 |   0.0059 | 110811207 |     427
  16100000 | 0.010 | 0.883 | 2000000 |   0.0059 | 110880072 |     424
  16110000 | 0.010 | 0.883 | 2000000 |   0.0060 | 110948944 |     426
  16120000 | 0.010 | 0.884 | 2000000 |   0.0060 | 111017825 |     411
  16130000 | 0.010 | 0.884 | 2000000 |   0.0061 | 111086698 |     418
  16140000 | 0.010 | 0.884 | 2000000 |   0.0060 | 111155569 |     424
  16150000 | 0.010 | 0.884 | 2000000 |   0.0060 | 111224439 |     421
  16160000 | 0.010 | 0.885 | 2000000 |   0.0059 | 111293309 |     424
  16170000 | 0.010 | 0.885 | 2000000 |   0.0060 | 111362164 |     420
  16180000 | 0.010 | 0.885 | 2000000 |   0.0060 | 111431031 |     421
  16190000 | 0.010 | 0.886 | 2000000 |   0.0060 | 111499897 |     420
  16200000 | 0.010 | 0.886 | 2000000 |   0.0059 | 111568777 |     410
  16210000 | 0.010 | 0.886 | 2000000 |   0.0059 | 111637664 |     406
  16220000 | 0.010 | 0.887 | 2000000 |   0.0059 | 111706535 |     414
  16230000 | 0.010 | 0.887 | 2000000 |   0.0059 | 111775410 |     418
  16240000 | 0.010 | 0.887 | 2000000 |   0.0060 | 111844277 |     422
  16250000 | 0.010 | 0.887 | 2000000 |   0.0060 | 111913152 |     419
  16260000 | 0.010 | 0.888 | 2000000 |   0.0059 | 111982029 |     422
  16270000 | 0.010 | 0.888 | 2000000 |   0.0060 | 112050886 |     424
  16280000 | 0.010 | 0.888 | 2000000 |   0.0059 | 112119763 |     438
  16290000 | 0.010 | 0.889 | 2000000 |   0.0058 | 112188634 |     451
  16300000 | 0.010 | 0.889 | 2000000 |   0.0058 | 112257500 |     448
  16310000 | 0.010 | 0.889 | 2000000 |   0.0059 | 112326366 |     447
  16320000 | 0.010 | 0.890 | 2000000 |   0.0059 | 112395245 |     434
  16330000 | 0.010 | 0.890 | 2000000 |   0.0059 | 112464099 |     421
  16340000 | 0.010 | 0.890 | 2000000 |   0.0059 | 112532972 |     429
  16350000 | 0.010 | 0.890 | 2000000 |   0.0059 | 112601845 |     421
  16360000 | 0.010 | 0.891 | 2000000 |   0.0058 | 112670737 |     421
  16370000 | 0.010 | 0.891 | 2000000 |   0.0058 | 112739616 |     421
  16380000 | 0.010 | 0.891 | 2000000 |   0.0058 | 112808480 |     419
  16390000 | 0.010 | 0.892 | 2000000 |   0.0059 | 112877339 |     419
  16400000 | 0.010 | 0.892 | 2000000 |   0.0058 | 112946218 |     418
  16410000 | 0.010 | 0.892 | 2000000 |   0.0058 | 113015092 |     415
  16420000 | 0.010 | 0.893 | 2000000 |   0.0059 | 113083931 |     421
  16430000 | 0.010 | 0.893 | 2000000 |   0.0059 | 113152805 |     171
  16440000 | 0.010 | 0.893 | 2000000 |   0.0058 | 113221670 |     144
  16450000 | 0.010 | 0.893 | 2000000 |   0.0057 | 113290559 |     141
  16460000 | 0.010 | 0.894 | 2000000 |   0.0057 | 113359427 |     174
  16470000 | 0.010 | 0.894 | 2000000 |   0.0057 | 113428284 |     426
  16480000 | 0.010 | 0.894 | 2000000 |   0.0057 | 113497152 |     453
  16490000 | 0.010 | 0.895 | 2000000 |   0.0057 | 113566022 |     458
  16500000 | 0.010 | 0.895 | 2000000 |   0.0058 | 113634893 |     457
  [SAVE] models/dmc_16500000.safetensors
  16510000 | 0.010 | 0.895 | 2000000 |   0.0057 | 113703749 |     452
  16520000 | 0.010 | 0.896 | 2000000 |   0.0057 | 113772623 |     449
  16530000 | 0.010 | 0.896 | 2000000 |   0.0056 | 113841485 |     438
  16540000 | 0.010 | 0.896 | 2000000 |   0.0057 | 113910352 |     417
  16550000 | 0.010 | 0.896 | 2000000 |   0.0058 | 113979236 |     418
  16560000 | 0.010 | 0.897 | 2000000 |   0.0058 | 114048098 |     417
  16570000 | 0.010 | 0.897 | 2000000 |   0.0058 | 114116962 |     417
  16580000 | 0.010 | 0.897 | 2000000 |   0.0057 | 114185834 |     415
  16590000 | 0.010 | 0.898 | 2000000 |   0.0058 | 114254690 |     150
  16600000 | 0.010 | 0.898 | 2000000 |   0.0057 | 114323547 |     139
  16610000 | 0.010 | 0.898 | 2000000 |   0.0057 | 114392403 |     167
  16620000 | 0.010 | 0.899 | 2000000 |   0.0057 | 114461269 |     346
  16630000 | 0.010 | 0.899 | 2000000 |   0.0058 | 114530117 |     420
  16640000 | 0.010 | 0.899 | 2000000 |   0.0057 | 114599007 |     427
  16650000 | 0.010 | 0.899 | 2000000 |   0.0057 | 114667877 |     425
  16660000 | 0.010 | 0.900 | 2000000 |   0.0056 | 114736745 |     443
  16670000 | 0.010 | 0.900 | 2000000 |   0.0057 | 114805613 |     452
  16680000 | 0.010 | 0.900 | 2000000 |   0.0057 | 114874483 |     440
  16690000 | 0.010 | 0.901 | 2000000 |   0.0057 | 114943341 |     421
  16700000 | 0.010 | 0.901 | 2000000 |   0.0056 | 115012219 |     414
  16710000 | 0.010 | 0.901 | 2000000 |   0.0055 | 115081087 |     397
  16720000 | 0.010 | 0.902 | 2000000 |   0.0057 | 115149957 |     414
  16730000 | 0.010 | 0.902 | 2000000 |   0.0055 | 115218822 |     411
  16740000 | 0.010 | 0.902 | 2000000 |   0.0056 | 115287707 |     416
  16750000 | 0.010 | 0.902 | 2000000 |   0.0056 | 115356573 |     435
  16760000 | 0.010 | 0.903 | 2000000 |   0.0055 | 115425435 |     405
  16770000 | 0.010 | 0.903 | 2000000 |   0.0057 | 115494313 |     390
  16780000 | 0.010 | 0.903 | 2000000 |   0.0056 | 115563193 |     431
  16790000 | 0.010 | 0.904 | 2000000 |   0.0057 | 115632062 |     452
  16800000 | 0.010 | 0.904 | 2000000 |   0.0055 | 115700914 |     444
  16810000 | 0.010 | 0.904 | 2000000 |   0.0056 | 115769792 |     445
  16820000 | 0.010 | 0.905 | 2000000 |   0.0055 | 115838673 |     455
  16830000 | 0.010 | 0.905 | 2000000 |   0.0055 | 115907530 |     446
  16840000 | 0.010 | 0.905 | 2000000 |   0.0055 | 115976404 |     451
  16850000 | 0.010 | 0.905 | 2000000 |   0.0056 | 116045278 |     453
  16860000 | 0.010 | 0.906 | 2000000 |   0.0056 | 116114142 |     447
  16870000 | 0.010 | 0.906 | 2000000 |   0.0055 | 116183009 |     424
  16880000 | 0.010 | 0.906 | 2000000 |   0.0055 | 116251874 |     444
  16890000 | 0.010 | 0.907 | 2000000 |   0.0055 | 116320728 |     401
  16900000 | 0.010 | 0.907 | 2000000 |   0.0057 | 116389605 |     408
  16910000 | 0.010 | 0.907 | 2000000 |   0.0055 | 116458469 |     401
  16920000 | 0.010 | 0.908 | 2000000 |   0.0055 | 116527334 |     412
  16930000 | 0.010 | 0.908 | 2000000 |   0.0055 | 116596209 |     411
  16940000 | 0.010 | 0.908 | 2000000 |   0.0055 | 116665078 |     430
  16950000 | 0.010 | 0.908 | 2000000 |   0.0056 | 116733940 |     437
  16960000 | 0.010 | 0.909 | 2000000 |   0.0055 | 116802809 |     448
  16970000 | 0.010 | 0.909 | 2000000 |   0.0055 | 116871678 |     448
  16980000 | 0.010 | 0.909 | 2000000 |   0.0055 | 116940529 |     457
  16990000 | 0.010 | 0.910 | 2000000 |   0.0055 | 117009406 |     454
  17000000 | 0.010 | 0.910 | 2000000 |   0.0054 | 117078285 |     410
  [EVAL] deals 70% | rand 98% (18s)
  [SAVE] models/dmc_17000000.safetensors
  17010000 | 0.010 | 0.910 | 2000000 |   0.0054 | 117147160 |     241
  17020000 | 0.010 | 0.911 | 2000000 |   0.0055 | 117216040 |     439
  17030000 | 0.010 | 0.911 | 2000000 |   0.0054 | 117284914 |     418
  17040000 | 0.010 | 0.911 | 2000000 |   0.0053 | 117353783 |     443
  17050000 | 0.010 | 0.911 | 2000000 |   0.0054 | 117422645 |     457
  17060000 | 0.010 | 0.912 | 2000000 |   0.0054 | 117491520 |     451
  17070000 | 0.010 | 0.912 | 2000000 |   0.0053 | 117560386 |     450
  17080000 | 0.010 | 0.912 | 2000000 |   0.0054 | 117629248 |     424
  17090000 | 0.010 | 0.913 | 2000000 |   0.0054 | 117698133 |     430
  17100000 | 0.010 | 0.913 | 2000000 |   0.0054 | 117767002 |     426
  17110000 | 0.010 | 0.913 | 2000000 |   0.0053 | 117835874 |     428
  17120000 | 0.010 | 0.914 | 2000000 |   0.0053 | 117904759 |     448
  17130000 | 0.010 | 0.914 | 2000000 |   0.0054 | 117973642 |     447
  17140000 | 0.010 | 0.914 | 2000000 |   0.0053 | 118042496 |     430
  17150000 | 0.010 | 0.914 | 2000000 |   0.0053 | 118111363 |     413
  17160000 | 0.010 | 0.915 | 2000000 |   0.0054 | 118180237 |     431
  17170000 | 0.010 | 0.915 | 2000000 |   0.0053 | 118249113 |     435
  17180000 | 0.010 | 0.915 | 2000000 |   0.0053 | 118317981 |     439
  17190000 | 0.010 | 0.916 | 2000000 |   0.0053 | 118386842 |     438
  17200000 | 0.010 | 0.916 | 2000000 |   0.0052 | 118455701 |     449
  17210000 | 0.010 | 0.916 | 2000000 |   0.0053 | 118524575 |     445
  17220000 | 0.010 | 0.917 | 2000000 |   0.0053 | 118593443 |     443
  17230000 | 0.010 | 0.917 | 2000000 |   0.0053 | 118662311 |     447
  17240000 | 0.010 | 0.917 | 2000000 |   0.0053 | 118731186 |     437
  17250000 | 0.010 | 0.917 | 2000000 |   0.0054 | 118800052 |     428
  17260000 | 0.010 | 0.918 | 2000000 |   0.0053 | 118868928 |     398
  17270000 | 0.010 | 0.918 | 2000000 |   0.0053 | 118937816 |     399
  17280000 | 0.010 | 0.918 | 2000000 |   0.0052 | 119006685 |     416
  17290000 | 0.010 | 0.919 | 2000000 |   0.0052 | 119075558 |     403
  17300000 | 0.010 | 0.919 | 2000000 |   0.0052 | 119144430 |     399
  17310000 | 0.010 | 0.919 | 2000000 |   0.0053 | 119213299 |     433
  17320000 | 0.010 | 0.920 | 2000000 |   0.0053 | 119282179 |     445
  17330000 | 0.010 | 0.920 | 2000000 |   0.0053 | 119351050 |     448
  17340000 | 0.010 | 0.920 | 2000000 |   0.0053 | 119419918 |     448
  17350000 | 0.010 | 0.920 | 2000000 |   0.0052 | 119488775 |     450
  17360000 | 0.010 | 0.921 | 2000000 |   0.0052 | 119557644 |     456
  17370000 | 0.010 | 0.921 | 2000000 |   0.0052 | 119626524 |     455
  17380000 | 0.010 | 0.921 | 2000000 |   0.0052 | 119695398 |     453
  17390000 | 0.010 | 0.922 | 2000000 |   0.0053 | 119764253 |     444
  17400000 | 0.010 | 0.922 | 2000000 |   0.0051 | 119833121 |     443
  17410000 | 0.010 | 0.922 | 2000000 |   0.0051 | 119902005 |     449
  17420000 | 0.010 | 0.923 | 2000000 |   0.0052 | 119970861 |     443
  17430000 | 0.010 | 0.923 | 2000000 |   0.0051 | 120039733 |     448
  17440000 | 0.010 | 0.923 | 2000000 |   0.0052 | 120108615 |     450
  17450000 | 0.010 | 0.923 | 2000000 |   0.0051 | 120177451 |     455
  17460000 | 0.010 | 0.924 | 2000000 |   0.0050 | 120246324 |     452
  17470000 | 0.010 | 0.924 | 2000000 |   0.0051 | 120315174 |     453
  17480000 | 0.010 | 0.924 | 2000000 |   0.0051 | 120384058 |     456
  17490000 | 0.010 | 0.925 | 2000000 |   0.0051 | 120452907 |     455
  17500000 | 0.010 | 0.925 | 2000000 |   0.0051 | 120521775 |     427
  [SAVE] models/dmc_17500000.safetensors
  17510000 | 0.010 | 0.925 | 2000000 |   0.0052 | 120590642 |     452
  17520000 | 0.010 | 0.926 | 2000000 |   0.0051 | 120659506 |     452
  17530000 | 0.010 | 0.926 | 2000000 |   0.0051 | 120728375 |     452
  17540000 | 0.010 | 0.926 | 2000000 |   0.0051 | 120797256 |     447
  17550000 | 0.010 | 0.926 | 2000000 |   0.0051 | 120866125 |     446
  17560000 | 0.010 | 0.927 | 2000000 |   0.0051 | 120934984 |     448
  17570000 | 0.010 | 0.927 | 2000000 |   0.0050 | 121003855 |     441
  17580000 | 0.010 | 0.927 | 2000000 |   0.0051 | 121072726 |     447
  17590000 | 0.010 | 0.928 | 2000000 |   0.0051 | 121141610 |     435
  17600000 | 0.010 | 0.928 | 2000000 |   0.0051 | 121210473 |     415
  17610000 | 0.010 | 0.928 | 2000000 |   0.0051 | 121279346 |     430
  17620000 | 0.010 | 0.929 | 2000000 |   0.0051 | 121348207 |     440
  17630000 | 0.010 | 0.929 | 2000000 |   0.0052 | 121417082 |     444
  17640000 | 0.010 | 0.929 | 2000000 |   0.0052 | 121485962 |     457
  17650000 | 0.010 | 0.929 | 2000000 |   0.0051 | 121554839 |     455
  17660000 | 0.010 | 0.930 | 2000000 |   0.0051 | 121623694 |     437
  17670000 | 0.010 | 0.930 | 2000000 |   0.0051 | 121692571 |     451
  17680000 | 0.010 | 0.930 | 2000000 |   0.0050 | 121761441 |     454
  17690000 | 0.010 | 0.931 | 2000000 |   0.0050 | 121830319 |     444
  17700000 | 0.010 | 0.931 | 2000000 |   0.0050 | 121899206 |     442
  17710000 | 0.010 | 0.931 | 2000000 |   0.0049 | 121968064 |     442
  17720000 | 0.010 | 0.932 | 2000000 |   0.0050 | 122036939 |     448
  17730000 | 0.010 | 0.932 | 2000000 |   0.0050 | 122105805 |     449
  17740000 | 0.010 | 0.932 | 2000000 |   0.0050 | 122174680 |     456
  17750000 | 0.010 | 0.932 | 2000000 |   0.0050 | 122243556 |     453
  17760000 | 0.010 | 0.933 | 2000000 |   0.0050 | 122312429 |     452
  17770000 | 0.010 | 0.933 | 2000000 |   0.0050 | 122381306 |     456
  17780000 | 0.010 | 0.933 | 2000000 |   0.0049 | 122450171 |     462
  17790000 | 0.010 | 0.934 | 2000000 |   0.0050 | 122519047 |     462
  17800000 | 0.010 | 0.934 | 2000000 |   0.0049 | 122587922 |     462
  17810000 | 0.010 | 0.934 | 2000000 |   0.0049 | 122656803 |     465
  17820000 | 0.010 | 0.935 | 2000000 |   0.0049 | 122725665 |     456
  17830000 | 0.010 | 0.935 | 2000000 |   0.0050 | 122794533 |     457
  17840000 | 0.010 | 0.935 | 2000000 |   0.0050 | 122863418 |     456
  17850000 | 0.010 | 0.935 | 2000000 |   0.0050 | 122932280 |     452
  17860000 | 0.010 | 0.936 | 2000000 |   0.0050 | 123001157 |     454
  17870000 | 0.010 | 0.936 | 2000000 |   0.0049 | 123070024 |     459
  17880000 | 0.010 | 0.936 | 2000000 |   0.0049 | 123138878 |     425
  17890000 | 0.010 | 0.937 | 2000000 |   0.0049 | 123207753 |     427
  17900000 | 0.010 | 0.937 | 2000000 |   0.0049 | 123276637 |     425
  17910000 | 0.010 | 0.937 | 2000000 |   0.0049 | 123345494 |     424
  17920000 | 0.010 | 0.938 | 2000000 |   0.0050 | 123414353 |     426
  17930000 | 0.010 | 0.938 | 2000000 |   0.0049 | 123483210 |     432
  17940000 | 0.010 | 0.938 | 2000000 |   0.0049 | 123552078 |     458
  17950000 | 0.010 | 0.938 | 2000000 |   0.0050 | 123620938 |     439
  17960000 | 0.010 | 0.939 | 2000000 |   0.0050 | 123689812 |     456
  17970000 | 0.010 | 0.939 | 2000000 |   0.0049 | 123758672 |     466
  17980000 | 0.010 | 0.939 | 2000000 |   0.0049 | 123827559 |     458
  17990000 | 0.010 | 0.940 | 2000000 |   0.0049 | 123896424 |     455
  18000000 | 0.010 | 0.940 | 2000000 |   0.0049 | 123965308 |     452
  [EVAL] deals 72% | rand 97% (18s)
  [SAVE] models/dmc_18000000.safetensors
  18010000 | 0.010 | 0.940 | 2000000 |   0.0049 | 124034171 |     245
  18020000 | 0.010 | 0.941 | 2000000 |   0.0048 | 124103062 |     430
  18030000 | 0.010 | 0.941 | 2000000 |   0.0048 | 124171946 |     430
  18040000 | 0.010 | 0.941 | 2000000 |   0.0049 | 124240815 |     424
  18050000 | 0.010 | 0.941 | 2000000 |   0.0049 | 124309690 |     429
  18060000 | 0.010 | 0.942 | 2000000 |   0.0048 | 124378564 |     445
  18070000 | 0.010 | 0.942 | 2000000 |   0.0048 | 124447440 |     430
  18080000 | 0.010 | 0.942 | 2000000 |   0.0048 | 124516307 |     442
  18090000 | 0.010 | 0.943 | 2000000 |   0.0048 | 124585176 |     432
  18100000 | 0.010 | 0.943 | 2000000 |   0.0048 | 124654047 |     447
  18110000 | 0.010 | 0.943 | 2000000 |   0.0049 | 124722910 |     443
  18120000 | 0.010 | 0.944 | 2000000 |   0.0048 | 124791783 |     445
  18130000 | 0.010 | 0.944 | 2000000 |   0.0048 | 124860657 |     443
  18140000 | 0.010 | 0.944 | 2000000 |   0.0047 | 124929527 |     446
  18150000 | 0.010 | 0.944 | 2000000 |   0.0047 | 124998396 |     441
  18160000 | 0.010 | 0.945 | 2000000 |   0.0047 | 125067281 |     434
  18170000 | 0.010 | 0.945 | 2000000 |   0.0047 | 125136181 |     418
  18180000 | 0.010 | 0.945 | 2000000 |   0.0047 | 125205052 |     430
  18190000 | 0.010 | 0.946 | 2000000 |   0.0047 | 125273938 |     442
  18200000 | 0.010 | 0.946 | 2000000 |   0.0047 | 125342807 |     445
  18210000 | 0.010 | 0.946 | 2000000 |   0.0047 | 125411686 |     438
  18220000 | 0.010 | 0.947 | 2000000 |   0.0047 | 125480545 |     443
  18230000 | 0.010 | 0.947 | 2000000 |   0.0047 | 125549427 |     431
  18240000 | 0.010 | 0.947 | 2000000 |   0.0047 | 125618291 |     439
  18250000 | 0.010 | 0.947 | 2000000 |   0.0046 | 125687180 |     457
  18260000 | 0.010 | 0.948 | 2000000 |   0.0048 | 125756045 |     448
  18270000 | 0.010 | 0.948 | 2000000 |   0.0048 | 125824906 |     444
  18280000 | 0.010 | 0.948 | 2000000 |   0.0047 | 125893784 |     437
  18290000 | 0.010 | 0.949 | 2000000 |   0.0048 | 125962641 |     430
  18300000 | 0.010 | 0.949 | 2000000 |   0.0046 | 126031518 |     435
  18310000 | 0.010 | 0.949 | 2000000 |   0.0046 | 126100396 |     433
  18320000 | 0.010 | 0.950 | 2000000 |   0.0047 | 126169271 |     445
  18330000 | 0.010 | 0.950 | 2000000 |   0.0047 | 126238136 |     456
  18340000 | 0.010 | 0.950 | 2000000 |   0.0047 | 126307014 |     458
  18350000 | 0.010 | 0.950 | 2000000 |   0.0046 | 126375874 |     453
  18360000 | 0.010 | 0.951 | 2000000 |   0.0046 | 126444712 |     439
  18370000 | 0.010 | 0.951 | 2000000 |   0.0046 | 126513595 |     456
  18380000 | 0.010 | 0.951 | 2000000 |   0.0046 | 126582459 |     447
  18390000 | 0.010 | 0.952 | 2000000 |   0.0046 | 126651326 |     449
  18400000 | 0.010 | 0.952 | 2000000 |   0.0046 | 126720195 |     445
  18410000 | 0.010 | 0.952 | 2000000 |   0.0046 | 126789069 |     426
  18420000 | 0.010 | 0.953 | 2000000 |   0.0046 | 126857919 |     446
  18430000 | 0.010 | 0.953 | 2000000 |   0.0046 | 126926799 |     461
  18440000 | 0.010 | 0.953 | 2000000 |   0.0046 | 126995668 |     453
  18450000 | 0.010 | 0.953 | 2000000 |   0.0047 | 127064515 |     451
